java-java-array-for-each-loop-through-first-5-element,http://www.java2s.com/ref/java/java-array-for-each-loop-through-first-5-element.html
java-java-array-find-the-smallest-index-of-the-largest-element,http://www.java2s.com/ref/java/java-array-find-the-smallest-index-of-the-largest-element.html
java-java-array-initializer,http://www.java2s.com/ref/java/java-array-initializer.html
java-java-array-join-to-string-with-char-separator,http://www.java2s.com/ref/java/java-array-join-to-string-with-char-separator.html
java-java-array-join-string-array-to-string,http://www.java2s.com/ref/java/java-array-join-string-array-to-string.html
java-java-array-length-property,http://www.java2s.com/ref/java/java-array-length-property.html
java-java-array-length-double,http://www.java2s.com/ref/java/java-array-length-double.html
java-java-array-multidimensional-arrays-find-the-closest-pair-of-points,http://www.java2s.com/ref/java/java-array-multidimensional-arrays-find-the-closest-pair-of-points.html
java-java-array-multidimensional-arrays-for-each-loop-iterate,http://www.java2s.com/ref/java/java-array-multidimensional-arrays-for-each-loop-iterate.html
abs-abs-double-a-080a5,http://www.java2s.com:80/example/java-utility-method/abs/abs-double-a-080a5.html
abs-abs-double-d-a002d,http://www.java2s.com:80/example/java-utility-method/abs/abs-double-d-a002d.html
java-java-array-reverse,http://www.java2s.com/ref/java/java-array-reverse.html
abs-abs-double-a-c52e7,http://www.java2s.com/example/java-utility-method/abs/abs-double-a-c52e7.html
java-java-array-shift-left-and-right-by-one-element,http://www.java2s.com/ref/java/java-array-shift-left-and-right-by-one-element.html
abs-abs-double-d1-da829,http://www.java2s.com:80/example/java-utility-method/abs/abs-double-d1-da829.html
java-java-arraydeque-add-element,http://www.java2s.com/ref/java/java-arraydeque-add-element.html
abs-abs-double-n-b58c3,http://www.java2s.com:80/example/java-utility-method/abs/abs-double-n-b58c3.html
java-java-arraylist-add-element-by-position,http://www.java2s.com/ref/java/java-arraylist-add-element-by-position.html
abs-abs-double-value-7f2c3,http://www.java2s.com:80/example/java-utility-method/abs/abs-double-value-7f2c3.html
java-java-arraylist-benchmark-with-linkedlist,http://www.java2s.com/ref/java/java-arraylist-benchmark-with-linkedlist.html
java-java-arraylist-convert-to-an-array,http://www.java2s.com/ref/java/java-arraylist-convert-to-an-array.html
abs-abs-double-z-f32cd,http://www.java2s.com:80/example/java-utility-method/abs/abs-double-z-f32cd.html
java-java-arraylist-print-out-content,http://www.java2s.com/ref/java/java-arraylist-print-out-content.html
abs-abs-final-double-d-80c6d,http://www.java2s.com/example/java-utility-method/abs/abs-final-double-d-80c6d.html
java-java-arraylist-convert-to-stream,http://www.java2s.com/ref/java/java-arraylist-convert-to-stream.html
java-java-arraylist-get-arraylist-size-before-and-after-remove-action,http://www.java2s.com/ref/java/java-arraylist-get-arraylist-size-before-and-after-remove-action.html
java-java-arrays-binary-search-an-array,http://www.java2s.com/ref/java/java-arrays-binary-search-an-array.html
java-java-arrays-convert-array-to-stream,http://www.java2s.com/ref/java/java-arrays-convert-array-to-stream.html
java-java-arrays-convert-two-dimensional-array-to-string-for-debug,http://www.java2s.com/ref/java/java-arrays-convert-two-dimensional-array-to-string-for-debug.html
java-java-arrays-sort-array-using-arrayssort,http://www.java2s.com/ref/java/java-arrays-sort-array-using-arrayssort.html
java-class-definition,http://www.java2s.com:80/Tutorial/Java/0100__Class-Definition/
java-java-arrays-sort-using-lambda-expression-as-comparator,http://www.java2s.com/ref/java/java-arrays-sort-using-lambda-expression-as-comparator.html
java-java-asynchronousserversocketchannel-create-asynchronous-echo-server,http://www.java2s.com/ref/java/java-asynchronousserversocketchannel-create-asynchronous-echo-server.html
abs-absapproximation-double-x-double-m-c4a6f,http://www.java2s.com/example/java-utility-method/abs/absapproximation-double-x-double-m-c4a6f.html
development-findceilingvalueofanumberusingmathceil,http://www.java2s.com:80/Tutorial/Java/0120__Development/FindceilingvalueofanumberusingMathceil.htm
java-java-array-join-long-array-to-string,http://www.java2s.com/ref/java/java-array-join-long-array-to-string.html
development-formatdateinddmmyyyyformat,http://www.java2s.com:80/Tutorial/Java/0120__Development/Formatdateinddmmyyyyformat.htm
abstractmap-usage-decodeiconurl-string-path-2bcfc,http://www.java2s.com:80/example/java-utility-method/abstractmap-usage/decodeiconurl-string-path-2bcfc.html
java-java-array-multidimensional-arrays-reference-element,http://www.java2s.com/ref/java/java-array-multidimensional-arrays-reference-element.html
java-java-array-multidimensional-arrays-sum-elements-by-column,http://www.java2s.com/ref/java/java-array-multidimensional-arrays-sum-elements-by-column.html
development-formathourinh112inampmformatlike1212,http://www.java2s.com:80/Tutorial/Java/0120__Development/Formathourinh112inAMPMformatlike1212.htm
java-java-array-initialize-arrays-with-random-values,http://www.java2s.com/ref/java/java-array-initialize-arrays-with-random-values.html
java-java-array-join-int-array-to-string,http://www.java2s.com/ref/java/java-array-join-int-array-to-string.html
java-statement-control,http://www.java2s.com:80/Tutorial/Java/0080__Statement-Control/
java-java-arraylist-add-elements,http://www.java2s.com/ref/java/java-arraylist-add-elements.html
java-language,http://www.java2s.com:80/Tutorial/Java/0020__Language/
-,http://www.java2s.com/Tutorial/Java/0020__Language/VariableScope.htmhttp://www.doubleencore.com/2013/10/renderscript-for-all/http://wiki.bash-hackers.org/syntax/arith_exprhttp://struts.apache.org/dtds/struts-2.0.dtdhttp://www.example.com/index.php?files=sharehttp://www.example.com/files/sharehttps://github.com/marklogichttps://gist.github.com/marklogic/http://lesscss.org/
-,http://www.java2s.com:80/Tutorial/Java/...__Database.htm
-,http://www.java2s.com/Tutorial/Java/0040__
-,http://www.java2s.com/Tutorial/Java/0020__Language/VariableScope.htmhttps://docs.python.org/2/library/functions.html
-,http://www.java2s.com/Tutorial/Java*
-,http://www.java2s.com/Tutorial/Java/0040__Data-Type/CreateajavautilDateObjectfromaYearMonthDayFormat.htmhttps://stackoverflow.com/questions/6437257/whats-the-right-way-to-create-a-date-in-javahttp://www.javascriptkit.com/javatutors/redev2.shtmlhttp://blog.notdot.net/2010/03/Implementing-a-dropbox-service-with-the-Blobstore-API-Part-1http://pypi.python.org/pypi/pyip/https://bitbucket.org/gigadot/rebound/wiki/Homehttps://www.google.com/search?q=excel%20named%20rangehttp://jsfiddle.net/PhW5C/2/https://i.stack.imgur.com/sk0Ba.png
-,http://www.java2s.com:80/Tutorial/Java/0040__Data-Type/FindingthelastoccurrenceofaintheStringvariable2.23.2.%A0%A0Finding%20the%20last%20occurrence%20of%20'a'%20in%20the%20String%20variable%20text:%20the%20method%20lastIndexOf()themethodlastIndexOf.htm
-,http://www.java2s.com:80/Tutorial/Java/
-,http://www.java2s.com:80/Tutorial/Java/0040__Data-Type/FindingthelastoccurrenceofaintheStringvariable2.%A0%A023.%A0%A02.%A0%A0Finding%20the%20last%20occurrence%20of%20'a'%20in%20the%20String%20variable%20text:%20the%20method%20lastIndexOf()themethodlastIndexOf.htm
-,http://www.java2s.com/Tutorial/Java/0040__Data-
data-type-integermaxminvalue-htm-0a,http://www.java2s.com/Tutorial/Java/0040__Data-Type/IntegerMAXMINVALUE.htm%0A
-,http://www.java2s.com/Tutorial/Java/0040__Data-Type/SimpleDateFormat.htmhttp://codepen.io/anon/pen/LVKqNPhttps://code.google.com/p/portable-executable-library/https://code.google.com/p/portable-executable-library/source/browse/trunk/samples/resource_editor/main.cpphttps://i.stack.imgur.com/SnTtj.pnghttps://i.stack.imgur.com/4n3Mv.pnghttps://i.stack.imgur.com/SnTtj.png
-,http://www.java2s.com/Tutorial/Java/0040__Data-Type/Leniency.htmhttp://www.java2s.com/Tutorial/Java/0040__Data-Type/Leniency.htm
-,http://www.java2s.com/Tutorial/Java/0040__Data-Type/SimpleDateFormat.htmhttp://www.tutorialspoint.com/java/util/date_gettime.htmhttps://www.sqlite.org/datatype3.htmlhttps://www.sqlite.org/lang_datefunc.htmlhttps://developers.facebook.com/docs/apps/changelog
-,http://www.java2s.com/Tutorial/Java/0040__Data-Type/SimpleDateFormat.htmhttp://jsfiddle.net/x5Q5g/http://jsfiddle.net/s6HqL/http://jsfiddle.net/s6HqL/3/http://calendar.perfplanet.com/2013/the-runtime-performance-checklist/https://developers.facebook.com/docs/apps/changeloghttps://developers.facebook.com/docs/apps/reviewhttp://pkgs.repoforge.org/rpmforge-release/rpmforge-release-0.5.3-1.el7.rf.x86_64.rpmhttp://pkgs.repoforge.org/rpmforge-release/rpmforge-release-0.5.3-1.el7.rf.x86_64.rpmhttp://sqlite.org/lang_keywords.htmlhttps://en.wikipedia.org/wiki/Vtablehttps://en.wikipedia.org/wiki/Virtual_functionhttps://en.wikipedia.org/wiki/Rule_of_three_(C%2B%2B_programming)https://en.wikipedia.org/wiki/C%2B%2B11http://en.cppreference.com/w/cpp/utility/functional/functionhttps://en.wikipedia.org/wiki/Closure_(computer_programming)http://rubyforadmins.com/strings-and-symbols
-,http://www.java2s.com:80/Tutorial/Java/0040__Data-Type/CopycharactersfromstringintocharArray.htm]
-,http://java2s.com:80/Tutorial/Java/0040__Data-Type
-,http://www.java2s.com:80/Tutorial/Java/0040_Data-Type/subtract4hoursfromthetimeandprintoutthedateandtime.htm
-,http://www.java2s.com:80/Tutorial/Java/0040__Data-Types/Reversecaseusingarrayindexing.htm
-,http://www.java2s.com:80/Tutorial/Java/0040__Data-Type/Timein24hourformat.hssssstm
-,http://www.java2s.com/Tutorial/Java/0040__Data-Type/SimpleDateFormat.htmhttp://php.net/manual/en/function.date-default-timezone-get.phphttp://jq4you.blogspot.com/2013/02/jquery-direct-and-delegate-on-event.htmlhttps://stackoverflow.com/questions/1964839/jquery-please-wait-loading-animation?lq=1http://search.cpan.org/perldoc?Englishhttp://search.cpan.org/perldoc?Try%3a%3aTinyhttp://search.cpan.org/perldoc?TryCatchhttps://stackoverflow.com/questions/130273/cmd-and-bat-file-converting-return-code-to-an-error-messagehttps://stackoverflow.com/questions/734598/how-do-i-make-a-batch-file-terminate-upon-encountering-an-errorhttp://www.w3schools.com/cssref/css3_pr_column-span.asphttps://developer.mozilla.org/en-US/docs/CSS/text-overflowhttps://developer.mozilla.org/en-US/docs/CSS/word-wraphttp://yakunins.com/misc/type-test/index.htmlhttps://i.stack.imgur.com/bdMta.png
-,http://www.java2s.com/Tutorial/Java/0060__Operators/TheinstanceofKeyword.htmhttps://stackoverflow.com/users/1955934https://dzone.com/articles/9-best-practices-to-handle-exceptions-in-javahttps://docs.microsoft.com/en-us/dotnet/standard/exceptions/best-practices-for-exceptionshttp://sourceforge.net/projects/lame/files/lame/3.98.4/lame-3.98.4.tar.gz/downloadhttp://www.mp3-converter.com/mp3codec/https://i.stack.imgur.com/pHbaQ.png
-,http://www.java2s.com/Tutorial/Java/0100__Class-Definition/0200__Nested-
java-development,http://www.java2s.com:80/Tutorial/Java/0120__Development
-,http://www.java2s.com/Tutorial/Java/0120__Development/0200__printf-Method.htmhttp://jasperforge.org/website/ireportwebsite/IR%20Website/index.html?header=project&target=ireporthttps://stackoverflow.com/questions/3024075/jqgrid-navigation-based-on-the-selected-row/3024278
-,http://www.java2s.com/Tutorial/Java/0120__Development/0200__printf-Method.htmhttp://jasperforge.org/website/ireportwebsite/IR%20Website/index.html?header=project&amp;target=ireporthttps://stackoverflow.com/questions/3024075/jqgrid-navigation-based-on-the-selected-row/3024278
-,http://www.java2s.com/Tutorial/Java/0120__Development/0200__printf-Method.htmhttps://stackoverflow.com/questions/26551095/indentation-in-generated-pdf-using-jasperreportshttps://i.stack.imgur.com/z0QNLm.png
-,http://www.java2s.com:80/Tutorial/Java/0040_Data-Type/subtract4hoursfromthetimeandprintoutthedateandtime.html
java-operators,http://www.java2s.com:80/Tutorial/Java/0060__Operators/
-,http://www.java2s.com/Tutorial/Java/0120__Development/0200__printf-
-,http://www.java2s.com/Tutorial/Java/0120__Development/ConvertfromUTF8toUnicode.htmhttps://i.stack.imgur.com/u83uD.pnghttps://i.stack.imgur.com/u83uD.png
(thin),http://www.java2s.com:80/Tutorial/Java/0120__Development/ExportPreferencestoXMLfile.htm
development-exportingthepreferencesinapreferencenode,http://java2s.com/Tutorial/Java/0120__Development/ExportingthePreferencesinaPreferenceNode.htm
-,http://www.java2s.com:80/Tutorial/Java/0120__Development/0500__HTML-Parser.htm.
(thin),http://www.java2s.com:80/Tutorial/Java/0120__Development/extendsTimerTasktocreateyourowntask.htm
-,http://www.java2s.com/Tutorial/Java/0120__Development/CapturingAudiowithJava
(thin),http://www.java2s.com:80/Tutorial/Java/0120__Development/extendsSimpleBeanInfo.htm
development-extractingcharactersfromamutablestringcharatandgetcharsmethods,http://www.java2s.com:80/Tutorial/Java/0120__Development/ExtractingCharactersFromaMutableStringcharAtandgetCharsmethods.htm
development-exportingthepreferencesinasubtreeofpreferencenodes,http://java2s.com/Tutorial/Java/0120__Development/ExportingthePreferencesinaSubtreeofPreferenceNodes.htm
development-extendshtmleditorkitparsercallback,http://www.java2s.com:80/Tutorial/Java/0120__Development/extendsHTMLEditorKitParserCallback.htm
development-findexponentialvalueofanumberusingmathexp,http://www.java2s.com:80/Tutorial/Java/0120__Development/FindexponentialvalueofanumberusingMathexp.htm
development-filtermessagestringforcharactersthataresensitiveinhtml,http://www.java2s.com:80/Tutorial/Java/0120__Development/FiltermessagestringforcharactersthataresensitiveinHTML.htm
-,http://www.java2s.com/Tutorial/Java/0120__Development/Convertsthestringtotheunicodeformat.htmhttp://jsfiddle.net/4zKp9/https://github.com/Microsoft/ngconf2015demohttp://blogs.msdn.com/b/visualstudio/archive/2015/03/12/a-preview-of-angular-2-and-typescript-in-visual-studio.aspxhttp://docs.datastax.com/en/cql/3.0/cql/cql_reference/alter_table_r.html]https://stackoverflow.com/a/21418952/2645845https://jsfiddle.net/dLLcrag0/2/http://myurl.com/handleincomingcall.ashx?call=123http://myurl.com/handleincomingcall.ashx?call=http://upload.wikimedia.org/math/b/e/8/be83fa81d5079316074327a33c367ba1.pnghttp://www.arduino.cc/en/Reference/Millishttp://stephenwalther.com/archive/2015/01/16/asp-net-5-and-angularjs-part-3-adding-client-routinghttps://i.stack.imgur.com/sbro6.png
-,http://www.java2s.com:80/Tutorial/Java/0120__Development/FindfloorvalueofanumberusingMathfloor.htm
-,http://www.java2s.com:80/Tutorial/Java/0120__Development/FindabsolutevalueoffloatintdoubleandlongusingMathabs.htm
-,http://www.java2s.com:80/Tutorial/Java/0120__Development/FilterthespecifiedmessagestringforcharactersthataresensitiveinHTML.htm
-,http://www.java2s.com:80/Tutorial/Java/0120__Development/FindingthePositionofaSubstring.htm
development-findnaturallogarithmvalueofanumberusingmathlog,http://www.java2s.com:80/Tutorial/Java/0120__Development/FindnaturallogarithmvalueofanumberusingMathlog.htm
development-findsquarerootofanumberusingmathsqrt,http://www.java2s.com:80/Tutorial/Java/0120__Development/FindsquarerootofanumberusingMathsqrt.htm
(thin),http://www.java2s.com:80/Tutorial/Java/0120__Development/FindpowerusingMathpow.htm
development-findmaximumoftwonumbersusingmathmax,http://www.java2s.com:80/Tutorial/Java/0120__Development/FindmaximumoftwonumbersusingMathmax.htm
(thin),http://www.java2s.com:80/Tutorial/Java/0120__Development/Formatadatetimevalueshortmediumandlong.htm
(thin),http://www.java2s.com:80/Tutorial/Java/0120__Development/FloatingPointNumberEnhancementsinJDK6.htm
(thin),http://www.java2s.com:80/Tutorial/Java/0120__Development/FormatdateinDefaultformat.htm
(thin),http://www.java2s.com:80/Tutorial/Java/0120__Development/FormatdateinLongformat.htm
(thin),http://www.java2s.com:80/Tutorial/Java/0120__Development/FormatdateinMediumformat.htm
(thin),http://www.java2s.com:80/Tutorial/Java/0120__Development/Findthecurrentdateformat.htm
development-floatcontrolcomponent,http://www.java2s.com:80/Tutorial/Java/0120__Development/FloatControlComponent.htm
(thin),http://www.java2s.com:80/Tutorial/Java/0120__Development/FormatdateinFullformat.htm
development-formathourinhh0023formatlike000123,http://www.java2s.com:80/Tutorial/Java/0120__Development/FormathourinHH0023formatlike000123.htm
development-formatdateinmmddyyyyhhmmssformat,http://www.java2s.com:80/Tutorial/Java/0120__Development/Formatdateinmmddyyyyhhmmssformat.htm
development-formathourinkk0124formatlike010224,http://www.java2s.com:80/Tutorial/Java/0120__Development/Formathourinkk0124formatlike010224.htm
java-java-array-initialize-arrays-with-input-values,http://www.java2s.com/ref/java/java-array-initialize-arrays-with-input-values.html
development-formathourinkk0011formatlike000111,http://www.java2s.com:80/Tutorial/Java/0120__Development/FormathourinKK0011formatlike000111.htm
development-formathourinh023formatlike0123,http://www.java2s.com:80/Tutorial/Java/0120__Development/FormathourinH023formatlike0123.htm
java-java-array-get-sub-array,http://www.java2s.com/ref/java/java-array-get-sub-array.html
development-formathourink011inampmformatlike0111,http://www.java2s.com:80/Tutorial/Java/0120__Development/FormathourinK011inAMPMformatlike0111.htm
java-java-array-multidimensional-arrays-index,http://www.java2s.com/ref/java/java-array-multidimensional-arrays-index.html
(thin),http://www.java2s.com:80/Tutorial/Java/0120__Development/FormatedSystemoutprintf.htm
development-formatmonthinmmmformatlikejanfebetc,http://www.java2s.com:80/Tutorial/Java/0120__Development/FormatMonthinMMMformatlikeJanFebetc.htm
java-java-array-index,http://www.java2s.com/ref/java/java-array-index.html
java-java-array-multidimensional-arrays-get-the-largest-sum,http://www.java2s.com/ref/java/java-array-multidimensional-arrays-get-the-largest-sum.html
development-formatmonthinmformatlike12etc,http://www.java2s.com:80/Tutorial/Java/0120__Development/FormatmonthinMformatlike12etc.htm
(thin),http://www.java2s.com:80/Tutorial/Java/0120__Development/formato.htm
development-formatsecondsinsformatlike12etc,http://www.java2s.com:80/Tutorial/Java/0120__Development/Formatsecondsinsformatlike12etc.htm
development-formatminutesinmmformatlike0102etc,http://www.java2s.com:80/Tutorial/Java/0120__Development/Formatminutesinmmformatlike0102etc.htm
development-formatmonthinmmformatlike0102etc,http://www.java2s.com:80/Tutorial/Java/0120__Development/FormatMonthinMMformatlike0102etc.htm
java-java-array-get-random-element,http://www.java2s.com/ref/java/java-array-get-random-element.html
java-java-array-multidimensional-arrays-pass-to-methods,http://www.java2s.com/ref/java/java-array-multidimensional-arrays-pass-to-methods.html
-,http://www.java2s.com:80/Tutorial/Java/0120__Development/Formathourink124formatlike1224.htm
-,http://www.java2s.com:80/Tutorial/Java/0120__Development/Formathourinhh0112inAMPMformatlike010212.htm
-,http://www.java2s.com/ref/java/java-array-linear-search.html
-,http://www.java2s.com/ref/java/java-array-multidimensional-arrays-declaration.html
-,http://www.java2s.com/ref/java/java-array-join-to-string-with-string-separator.html
development-formatsecondsinssformatlike0102etc,http://www.java2s.com:80/Tutorial/Java/0120__Development/Formatsecondsinssformatlike0102etc.htm
development-formattimezoneinzgeneraltimezoneformatlikeest,http://www.java2s.com:80/Tutorial/Java/0120__Development/FormatTimeZoneinzGeneraltimezoneformatlikeEST.htm
-,http://www.java2s.com/ref/java/java-array-multidimensional-arrays-initialize-arrays-with-input-values.html
-,http://www.java2s.com:80/Tutorial/Java/0120__Development/FormatMonthinMMMMformatlikeJanuaryFebruaryetc.htm
-,http://www.java2s.com/ref/java/java-array-multidimensional-arrays-initialize-arrays-with-random-value.html
-,http://www.java2s.com:80/Tutorial/Java/0120__Development/FormatterioException.htm
-,http://www.java2s.com/Tutorial/Java/0120__Development/Formatterwithdifferentdatatypes.htm
-,http://www.java2s.com/ref/java/java-array-multidimensional-arrays-print-array.html
-,http://www.java2s.com:80/Tutorial/Java/0120__Development/FormatTimeZoneinZRFC822formatlike8000.htm
-,http://www.java2s.com/ref/java/java-array-multidimensional-arrays-shuffle.html
-,http://www.java2s.com:80/Tutorial/Java/0120__Development/FormatTimeZoneinzzzzformatEasternStandardTime.htm
(thin),http://www.java2s.com:80/Tutorial/Java/0120__Development/FormattingandParsingaTimeforaLocalespecifythelocalewhencreatingtheSimpleDateFormatobject.htm
java-java-array-shift-elements,http://www.java2s.com/ref/java/java-array-shift-elements.html
development-formattingadateusingacustomformat,http://www.java2s.com:80/Tutorial/Java/0120__Development/FormattingaDateUsingaCustomFormat.htm
java-java-array-search-unsorted-array-for-a-value-using-for-each-loop,http://www.java2s.com/ref/java/java-array-search-unsorted-array-for-a-value-using-for-each-loop.html
development-formattingdatewithfulldayandmonthnameandshowtimeuptomillisecondswith,http://www.java2s.com:80/Tutorial/Java/0120__Development/FormattingdatewithfulldayandmonthnameandshowtimeuptomillisecondswithAMPM.htm
(thin),http://www.java2s.com:80/Tutorial/Java/0120__Development/FormattingastringandOuputingtoconsole.htm
development-formattingdayindformatlike12etc,http://www.java2s.com:80/Tutorial/Java/0120__Development/Formattingdayindformatlike12etc.htm
java-java-array-remove-duplicate-elements,http://www.java2s.com/ref/java/java-array-remove-duplicate-elements.html
java-java-array-sort-elements,http://www.java2s.com/ref/java/java-array-sort-elements.html
development-formattingminuteinmformatlike12etc,http://www.java2s.com:80/Tutorial/Java/0120__Development/Formattingminuteinmformatlike12etc.htm
development-formattingdayofweekineeeeformatlikesundaymondayetc,http://www.java2s.com:80/Tutorial/Java/0120__Development/FormattingdayofweekinEEEEformatlikeSundayMondayetc.htm
development-formattingdayofweekusingsimpledateformat,http://www.java2s.com:80/Tutorial/Java/0120__Development/FormattingdayofweekusingSimpleDateFormat.htm
-,http://www.java2s.com/ref/java/java-array-multidimensional-arrays.html
-,http://www.java2s.com/ref/java/java-array-random-shuffle.html
-,http://www.java2s.com/ref/java/java-array-multidimensional-arrays-sum-all-elements.html
development-formattingdataintoastring,http://www.java2s.com:80/Tutorial/Java/0120__Development/FormattingDataintoaString.htm
java-java-array-sum-all-elements,http://www.java2s.com/ref/java/java-array-sum-all-elements.html
java-java-arraylist-check-capacity,http://www.java2s.com/ref/java/java-arraylist-check-capacity.html
java-java-arraydeque-pop-and-peek-element,http://www.java2s.com/ref/java/java-arraydeque-pop-and-peek-element.html
java-java-array-shuffle,http://www.java2s.com/ref/java/java-array-shuffle.html
(thin),http://www.java2s.com:80/Tutorial/Java/0120__Development/FormattingNumericalData.htm
java-java-arraylist-shuffle-with-your-own-method,http://www.java2s.com/ref/java/java-arraylist-shuffle-with-your-own-method.html
(thin),http://www.java2s.com:80/Tutorial/Java/0120__Development/formatuppercaseE.htm
-,http://www.java2s.com:80/Tutorial/Java/0120__Development/FormattingandParsingaTimeforaLocaleUsingDefaultFormats.htm
-,http://www.java2s.com:80/Tutorial/Java/0120__Development/FormattingCharactersandStrings.htm
-,http://www.java2s.com/ref/java/java-array-select-random-cards-from-deck.html
-,http://www.java2s.com/ref/java/java-array-shuffle-vis-collectionsshuffle.html
-,http://www.java2s.com:80/Tutorial/Java/0120__Development/Formattingdayinddformatlike0102etc.htm
-,http://www.java2s.com/Tutorial/Java/0120__Development/FormattingOutputwithFormatter.htm
-,http://www.java2s.com:80/Tutorial/Java/0120__Development/FormattingTimeandDateTheTimeandDateFormatSuffixes.htm
-,http://www.java2s.com/ref/java/java-array-type.html
-,http://www.java2s.com:80/Tutorial/Java/0120__Development/Formatto2decimalplacesina16characterfield.htm
-,http://www.java2s.com/ref/java/java-arraylist-class.html
-,http://www.java2s.com/ref/java/java-arraylist-convert-to-array.html
-,http://www.java2s.com/ref/java/java-arraylist-remove-elements.html
(thin),http://www.java2s.com:80/Tutorial/Java/0120__Development/fourdigityeartYTY.htm
development-formatyearinyyyyformatlike20072008etc,http://www.java2s.com:80/Tutorial/Java/0120__Development/Formatyearinyyyyformatlike20072008etc.htm
(thin),http://www.java2s.com:80/Tutorial/Java/0120__Development/Formatwithadefaultformat.htm
java-java-arrays-convert-array-to-string-for-debug,http://www.java2s.com/ref/java/java-arrays-convert-array-to-string-for-debug.html
java-java-arraylist-trim-to-size,http://www.java2s.com/ref/java/java-arraylist-trim-to-size.html
development-fulldaynamesimpledateformateeee,http://www.java2s.com:80/Tutorial/Java/0120__Development/FulldaynameSimpleDateFormatEEEE.htm
java-java-arrays-binary-search-an-array-via-arraysbinarysearch,http://www.java2s.com/ref/java/java-arrays-binary-search-an-array-via-arraysbinarysearch.html
development-functionevaluator,http://java2s.com/Tutorial/Java/0120__Development/FunctionEvaluator.htm
java-java-arrays-convert-array-to-list-via-stream,http://www.java2s.com/ref/java/java-arrays-convert-array-to-list-via-stream.html
(thin),http://www.java2s.com:80/Tutorial/Java/0120__Development/formatx.htm
java-java-arrays-convert-element-via-stream-map,http://www.java2s.com/ref/java/java-arrays-convert-element-via-stream-map.html
java-java-arrays-create-stream-from-array,http://www.java2s.com/ref/java/java-arrays-create-stream-from-array.html
-,http://www.java2s.com:80/Tutorial/Java/0125__Reflection/0010__Class.htm
-,http://www.java2s.com:80/Tutorial/Java/0125__Reflection/0011__Interface.htm
-,http://www.java2s.com:80/Tutorial/Java/0125__Reflection/0060__Package.htm
-,http://www.java2s.com:80/Tutorial/Java/0125__Reflection/0020__Field.htm
-,http://www.java2s.com:80/Tutorial/Java/0125__Reflection/0015__Constructor.htm
-,http://www.java2s.com:80/Tutorial/Java/0125__Reflection/0040__Method.htm
development-fulllengthofmonthnamesimpledateformatmmmm,http://www.java2s.com:80/Tutorial/Java/0120__Development/FulllengthofmonthnameSimpleDateFormatMMMM.htm
(thin),http://www.java2s.com:80/Tutorial/Java/0125__Reflection/0120__Array.htm
java-java-arrays-compare-two-array-for-equality,http://www.java2s.com/ref/java/java-arrays-compare-two-array-for-equality.html
java-java-arrays-copy-array,http://www.java2s.com/ref/java/java-arrays-copy-array.html
development-fromruntimeexectoprocessbuilder,http://www.java2s.com:80/Tutorial/Java/0120__Development/FromRuntimeexectoProcessBuilder.htm
java-java-arrays-insert-element-using-the-binary-search-result-value,http://www.java2s.com/ref/java/java-arrays-insert-element-using-the-binary-search-result-value.html
-,http://www.java2s.com:80/Tutorial/Java/0120__Development/formatuppercaseX.htm
(thin),http://www.java2s.com:80/Tutorial/Java/0125__Reflection/0160__ClassPath.htm
(thin),http://www.java2s.com:80/Tutorial/Java/0125__Reflection/0140__Generic.htm
-,http://www.java2s.com:80/Tutorial/Java/0120__Development/Formatyearinyyformatlike0708etc.htm
-,http://www.java2s.com/ref/java/java-arrays-convert-array-to-list.html
-,http://www.java2s.com:80/Tutorial/Java/0120__Development/Generatearandomarrayofnumbers.htm
-,http://www.java2s.com/ref/java/java-arrays-copy-charsequence-array.html
-,http://www.java2s.com/ref/java/java-arrays-create-intstream-from-int-array.html
-,http://java2s.com/Tutorial/Java/0120__Development/GeneratesaUUID.htm
-,http://java2s.com/Tutorial/Java/0120__Development/GeneratesrandomUUIDs.htm
-,http://www.java2s.com/ref/java/java-arrays-fill-array-element-value-by-index.html
-,http://www.java2s.com/ref/java/java-arrays-fill-array-from-start-index-to-end-index.html
-,http://www.java2s.com:80/Tutorial/Java/0125__Reflection/0080__Class-Loader.htm
-,http://www.java2s.com:80/Tutorial/Java/0125__Reflection/0100__Annotation.htm
-,http://www.java2s.com:80/Tutorial/Java/0125__Reflection/0180__Modifier.htm
-,http://www.java2s.com:80/Tutorial/Java/0120__Development/GeneratingRandomintegerNumbers.htm
-,http://www.java2s.com:80/Tutorial/Java/0125__Reflection/0200__Super-Class.htm
-,http://www.java2s.com/ref/java/java-arrays-fill-entire-array.html
-,http://java2s.com/Tutorial/Java/0120__Development/GeneratorforGloballyuniqueStrings.htm
-,http://www.java2s.com/ref/java/java-arrays-search-element-via-stream-filter.html
-,http://www.java2s.com:80/Tutorial/Java/0120__Development/GenericLRUCache.htm
java-java-arrays-sort-string-array-in-case-insensitive-order,http://www.java2s.com/ref/java/java-arrays-sort-string-array-in-case-insensitive-order.html
java-java-arrays-sort-an-array-in-reversed-order,http://www.java2s.com/ref/java/java-arrays-sort-an-array-in-reversed-order.html
java-java-arrays-sort-custom-object-via-comparable,http://www.java2s.com/ref/java/java-arrays-sort-custom-object-via-comparable.html
(thin),http://www.java2s.com:80/Tutorial/Java/0125__Reflection/0260__SoftReference.htm
java-java-arrays-sort-array-via-stream,http://www.java2s.com/ref/java/java-arrays-sort-array-via-stream.html
development-getalistofselectedfiles,http://www.java2s.com:80/Tutorial/Java/0120__Development/Getalistofselectedfiles.htm
java-java-arrays-sort-custom-object-via-comparator,http://www.java2s.com/ref/java/java-arrays-sort-custom-object-via-comparator.html
(thin),http://www.java2s.com:80/Tutorial/Java/0125__Reflection/0220__Name.htm
java-java-arrays-sort-string-array,http://www.java2s.com/ref/java/java-arrays-sort-string-array.html
java-java-arrays-sort-an-array,http://www.java2s.com/ref/java/java-arrays-sort-an-array.html
(thin),http://www.java2s.com:80/Tutorial/Java/0125__Reflection/0280__WeakReference.htm
java-java-arrays-sort-sub-array,http://www.java2s.com/ref/java/java-arrays-sort-sub-array.html
java-java-asynchronousfilechannel-with-custom-completionhandler,http://www.java2s.com/ref/java/java-asynchronousfilechannel-with-custom-completionhandler.html
(thin),http://www.java2s.com:80/Tutorial/Java/0125__Reflection/0300__Proxy.htm
(thin),http://java2s.com:80/Tutorial/Java/0130__Regular-Expressions/0040__Greedy.htm
development-getauniqueidentifierusingjavarmidgcvmid,http://java2s.com/Tutorial/Java/0120__Development/GetauniqueidentifierUsingjavarmidgcVMID.htm
(thin),http://www.java2s.com:80/Tutorial/Java/0120__Development/GetchildrenNamesfromPreferences.htm
-,http://www.java2s.com:80/Tutorial/Java/0125__Reflection/0240__PhantomReference.htm
(thin),http://java2s.com:80/Tutorial/Java/0130__Regular-Expressions/0060__Group.htm
(thin),https://www.java2s.com/Tutorial/Java/0130__Regular-Expressions/0040__Greedy.html
java-java-asynchronousfilechannel-write-to-file,http://www.java2s.com/ref/java/java-asynchronousfilechannel-write-to-file.html
-,http://www.java2s.com:80/Tutorial/Java/0125__Reflection/Catalog0125__Reflection.htm
-,http://java2s.com:80/Tutorial/Java/0130__Regular-Expressions/0020__Introduction.htm
-,http://www.java2s.com:80/Tutorial/Java/0120__Development/GetandsetanObjecttypeproperty.htm
-,http://www.java2s.com:80/Tutorial/Java/0120__Development/GetandsetthevalueofapropertyinabeanusingExpressionandStatement.htm
-,http://java2s.com/Tutorial/Java/0120__Development/GetBootpathfromRuntimeMXBean.htm
-,http://www.java2s.com:80/Tutorial/Java/0120__Development/Getandsetpropertiesonabean.htm
-,http://www.java2s.com:80/Tutorial/Java/0120__Development/GetaScriptEnginebyMIMEtype.htm
-,https://www.java2s.com/Tutorial/Java/0130__Regular-Expressions/0020__Introduction.html
-,http://www.java2s.com/ref/java/java-arrays-sort-via-stream.html
-,http://www.java2s.com/ref/java/java-assignment-operator.html
-,http://www.java2s.com/ref/java/java-asynchronousfilechannel-use-future-object.html
-,http://www.java2s.com/ref/java/java-asynchronousfilechannel-create-for-read-and-write.html
-,http://www.java2s.com/ref/java/java-asynchronousfilechannel-read-from-file.html
-,http://www.java2s.com/ref/java/java-asynchronousserversocketchannel-create-server.html
-,http://java2s.com/Tutorial/Java/0120__Development/GetClassPathfromRuntimeMXBean.htm
-,http://www.java2s.com:80/Tutorial/Java/0120__Development/GetclasspathusingSystemclass.htm
-,https://www.java2s.com/Tutorial/Java/0130__Regular-Expressions/0060__Group.html
java-java-asynchronousserversocketchannel-get-supported-options,http://www.java2s.com/ref/java/java-asynchronousserversocketchannel-get-supported-options.html
(thin),https://www.java2s.com/Tutorial/Java/0130__Regular-Expressions/0080__Matcher.html
(thin),https://www.java2s.com/Tutorial/Java/0130__Regular-Expressions/0100__Pattern.html
(thin),https://www.java2s.com/Tutorial/Java/0130__Regular-Expressions/0120__Pattern-Match.html
-,http://java2s.com:80/Tutorial/Java/0130__Regular-Expressions/0080__Matcher.htm
(thin),http://www.java2s.com:80/Tutorial/Java/0120__Development/Getelapsedtimeinmilliseconds.htm
java-java-atomicinteger-class,http://www.java2s.com/ref/java/java-atomicinteger-class.html
(thin),http://java2s.com:80/Tutorial/Java/0130__Regular-Expressions/0140__Pattern-Split.htm
java-java-asynchronoussocketchannel-send-object,http://www.java2s.com/ref/java/java-asynchronoussocketchannel-send-object.html
(thin),https://www.java2s.com/Tutorial/Java/0130__Regular-Expressions/0160__Split.html
java-java-asynchronoussocketchannel-create-asynchronous-client-socket-chann,http://www.java2s.com/ref/java/java-asynchronoussocketchannel-create-asynchronous-client-socket-chann.html
java-java-atomiclong-class,http://www.java2s.com/ref/java/java-atomiclong-class.html
java-java-atomicinteger-extend,http://www.java2s.com/ref/java/java-atomicinteger-extend.html
java-java-asynchronousserversocketchannel-send-object,http://www.java2s.com/ref/java/java-asynchronousserversocketchannel-send-object.html
java-java-asynchronousserversocketchannel-use-future-object-in-a-server,http://www.java2s.com/ref/java/java-asynchronousserversocketchannel-use-future-object-in-a-server.html
(thin),https://www.java2s.com/Tutorial/Java/0130__Regular-Expressions/0140__Pattern-Split.html
(thin),http://java2s.com:80/Tutorial/Java/0130__Regular-Expressions/0120__Pattern-Match.htm
(thin),https://www.java2s.com/Tutorial/Java/0130__Regular-Expressions/0180__Text-Replace.html
(thin),http://java2s.com:80/Tutorial/Java/0130__Regular-Expressions/0180__Text-Replace.htm
java-java-asynchronoussocketchannel-create-client,http://www.java2s.com/ref/java/java-asynchronoussocketchannel-create-client.html
-,http://java2s.com:80/Tutorial/Java/0130__Regular-Expressions/0100__Pattern.htm
-,http://www.java2s.com:80/Tutorial/Java/0120__Development/GetDeepestThrowable.htm
-,http://www.java2s.com:80/Tutorial/Java/0120__Development/Getelapsedtimeinhours.htm
-,http://www.java2s.com:80/Tutorial/Java/0120__Development/GetcurrentTimeZoneusingJavaCalendar.htm
-,http://www.java2s.com:80/Tutorial/Java/0120__Development/Getelapsedtimeindays.htm
(thin),http://www.java2s.com:80/Tutorial/Java/0120__Development/GetEnvironmentVariables.htm
-,http://www.java2s.com/ref/java/java-asynchronousserversocketchannel-read-object-from-client.html
-,http://www.java2s.com:80/Tutorial/Java/0120__Development/Getelapsedtimeinminutes.htm
-,http://www.java2s.com:80/Tutorial/Java/0120__Development/Getelapsedtimeinseconds.htm
-,http://java2s.com:80/Tutorial/Java/0130__Regular-Expressions/0160__Split.htm
-,http://www.java2s.com/ref/java/java-atomicintegerarray-class.html
-,http://www.java2s.com/ref/java/java-atomiclong-generate-id-for-threads.html
-,http://www.java2s.com/ref/java/java-autobox-unbox-index.html
-,http://www.java2s.com/ref/java/java-autoboxing-unboxing-boolean-values.html
-,http://www.java2s.com/ref/java/java-autoboxing-unboxing-character-values.html
-,http://java2s.com:80/Tutorial/Java/0130__Regular-Expressions/0200__Validation.htm
-,https://www.java2s.com/Tutorial/Java/0130__Regular-Expressions/0200__Validation.html
-,http://java2s.com:80/Tutorial/Java/0130__Regular-Expressions/Catalog0130__Regular-Expressions.htm
(thin),http://www.java2s.com:80/Tutorial/Java/0180__File/0040__File.htm
java-java-autocloseable-throw-exception-in-close-method,http://www.java2s.com/ref/java/java-autocloseable-throw-exception-in-close-method.html
development-getjavaspecificationversionusingsystemclass,http://www.java2s.com:80/Tutorial/Java/0120__Development/GetJavaspecificationversionusingSystemclass.htm
-,https://www.java2s.com/Tutorial/Java/0130__Regular-Expressions/Catalog0130__Regular-Expressions.html
java-java-autoboxing-unboxing-in-method-calling-and-returning,http://www.java2s.com/ref/java/java-autoboxing-unboxing-in-method-calling-and-returning.html
(thin),http://www.java2s.com:80/Tutorial/Java/0120__Development/GetJavaHomedirectory.htm
(thin),http://www.java2s.com:80/Tutorial/Java/0120__Development/GetnameandparentfromPreference.htm
(thin),http://www.java2s.com:80/Tutorial/Java/0160__Thread/Catalog0160__Thread.htm
(thin),http://www.java2s.com:80/Tutorial/Java/0180__File/0020__Introduction.htm
java-java-awt-arc2d-class,http://www.java2s.com/ref/java/java-awt-arc2d-class.html
(thin),http://www.java2s.com:80/Tutorial/Java/0180__File/0042__Directory.htm
(thin),http://www.java2s.com:80/Tutorial/Java/0120__Development/Getfileseparatorsymbol.htm
(thin),http://www.java2s.com:80/Tutorial/Java/0120__Development/GetkeysfromPreferences.htm
(thin),http://www.java2s.com:80/Tutorial/Java/0180__File/0041__Path.htm
(thin),http://java2s.com/Tutorial/Java/0120__Development/GetOS.htm
development-getoperatingsystemtemporarydirectoryfolder,http://www.java2s.com:80/Tutorial/Java/0120__Development/Getoperatingsystemtemporarydirectoryfolder.htm
development-getnumberofavailableprocessors,http://www.java2s.com:80/Tutorial/Java/0120__Development/GetNumberofAvailableProcessors.htm
java-java-awt-adjustmentlistener-handle-adjustment-event,http://www.java2s.com/ref/java/java-awt-adjustmentlistener-handle-adjustment-event.html
-,http://www.java2s.com:80/Tutorial/Java/0140__Collections/Catalog0140__Collections.htm
-,http://www.java2s.com/ref/java/java-autoboxing-unboxing-in-expressions.html
java-java-awt-arc2d-set-type-to-open,http://www.java2s.com/ref/java/java-awt-arc2d-set-type-to-open.html
-,http://www.java2s.com:80/Tutorial/Java/0120__Development/GetJavaRuntimeEnvironmentJREversion.htm
java-java-autocloseable-implement,http://www.java2s.com/ref/java/java-autocloseable-implement.html
-,http://www.java2s.com:80/Tutorial/Java/0120__Development/GetNameofUserCurrentlyLoggedIntotheComputer.htm
-,http://java2s.com:80/Tutorial/Java/0140_Collections/Catalog0140_Collections.htm
-,http://www.java2s.com/ref/java/java-autoboxing-unboxing-in-switch-statement.html
development-getsandsetsaprimitivetypeproperty,http://www.java2s.com:80/Tutorial/Java/0120__Development/getsandsetsaprimitivetypeproperty.htm
-,http://www.java2s.com/ref/java/java-autoboxing-unboxing-null-pointer-exception.html
-,http://www.java2s.com/ref/java/java-autoboxing-unboxing.html
-,http://www.java2s.com:80/Tutorial/Java/0120__Development/GetnodefromPreference.htm
-,http://www.java2s.com:80/Tutorial/Java/0120__Development/Getoperatingsystemnameandversion.htm
-,http://www.java2s.com/ref/java/java-awt-arc2d-set-type-to-chord.html
-,http://www.java2s.com:80/Tutorial/Java/0120__Development/Getpathclasspathseparator.htm
-,http://www.java2s.com:80/Tutorial/Java/0120__Development/Getpathclasspathsepartor.htm
-,http://www.java2s.com/ref/java/java-awt-arc2d-set-type-to-pie.html
-,http://www.java2s.com:80/Tutorial/Java/0120__Development/getsandsetsanarraytypeproperty.htm
(thin),http://www.java2s.com:80/Tutorial/Java/0180__File/0100__BufferedInputStream.htm
(thin),http://www.java2s.com:80/Tutorial/Java/0180__File/0070__InputStream.htm
java-java-awt-attributedstring-set-text-color,http://www.java2s.com/ref/java/java-awt-attributedstring-set-text-color.html
(thin),http://java2s.com/Tutorial/Java/0120__Development/Getthedesiredlookandfeelfromaperuserpreference.htm
-,http://www.java2s.com/ref/java/java-awt-area-subtract.html
(thin),http://www.java2s.com:80/Tutorial/Java/0180__File/0103__FilterInputStream.htm
(thin),http://www.java2s.com:80/Tutorial/Java/0180__File/0060__Stream.htm
(thin),http://www.java2s.com:80/Tutorial/Java/0180__File/0043__Temporary-File.htm
java-java-awt-attributedstring-set-background-color,http://www.java2s.com/ref/java/java-awt-attributedstring-set-background-color.html
development-getstringvaluefromclipboard,http://java2s.com/Tutorial/Java/0120__Development/Getstringvaluefromclipboard.htm
(thin),http://www.java2s.com:80/Tutorial/Java/0180__File/0115__OutputStream.htm
(thin),http://www.java2s.com:80/Tutorial/Java/0180__File/0102__SequenceInputStream.htm
(thin),http://www.java2s.com:80/Tutorial/Java/0180__File/0120__FileOutputStream.htm
java-java-awt-attributedstring-set-font,http://www.java2s.com/ref/java/java-awt-attributedstring-set-font.html
java-java-awt-basicstroke-class,http://www.java2s.com/ref/java/java-awt-basicstroke-class.html
development-getthejvmuptimefromruntimemxbean,http://java2s.com/Tutorial/Java/0120__Development/GettheJVMuptimefromRuntimeMXBean.htm
development-getsystempropertiesusingsystemclass,http://www.java2s.com:80/Tutorial/Java/0120__Development/GetsystempropertiesusingSystemclass.htm
-,http://www.java2s.com/ref/java/java-awt-attributedstring-create.html
(thin),http://www.java2s.com:80/Tutorial/Java/0120__Development/Gettheforeigntime.htm
-,http://www.java2s.com:80/Tutorial/Java/0120__Development/GetScriptenginebyextensionname.htm
java-java-awt-basicstroke-create,http://www.java2s.com/ref/java/java-awt-basicstroke-create.html
-,http://www.java2s.com:80/Tutorial/Java/0180__File/0080__FileInputStream.htm
-,http://www.java2s.com:80/Tutorial/Java/0180__File/0101__InflaterInputStream.htm
-,http://www.java2s.com/ref/java/java-awt-attributedstring-set-strike-through.html
(thin),http://www.java2s.com:80/Tutorial/Java/0180__File/0161__DataInputStream.htm
-,http://java2s.com/Tutorial/Java/0120__Development/GetsystemstarttimefromRuntimeMXBean.htm
development-getthesystempropertiesfromruntimemxbean,http://java2s.com/Tutorial/Java/0120__Development/GetthesystempropertiesfromRuntimeMXBean.htm
-,http://www.java2s.com:80/Tutorial/Java/0120__Development/GetsystemtimeusingSystemclass.htm
-,http://www.java2s.com:80/Tutorial/Java/0120__Development/Getthecolourofascreenpixel.htm
-,http://www.java2s.com/ref/java/java-awt-attributedstring-set-under-line.html
-,http://www.java2s.com/ref/java/java-awt-awtevent-index.html
-,http://www.java2s.com:80/Tutorial/Java/0180__File/0140__InputStreamReader.htm
-,http://www.java2s.com/ref/java/java-awt-basicstroke-create-dashed-line.html
-,http://www.java2s.com:80/Tutorial/Java/0180__File/0160__OutputStreamWriter.htm
-,http://java2s.com:80/Tutorial/Java/0180__File/0162__DataOutputStream.htm
-,http://www.java2s.com/ref/java/java-awt-basicstroke-create-with-line-join-and-cap.html
-,http://www.java2s.com:80/Tutorial/Java/0120__Development/Getthestacktraceofthesuppliedexception.htm
-,http://www.java2s.com/ref/java/java-awt-basicstroke-index.html
-,http://www.java2s.com:80/Tutorial/Java/0120__Development/Getthetimeinthelocaltimezone.htm
java-java-awt-borderlayout-index,http://www.java2s.com/ref/java/java-awt-borderlayout-index.html
development-gettingallthetimezonesids,http://www.java2s.com:80/Tutorial/Java/0120__Development/GettingallthetimezonesIDs.htm
development-gettingthecurrenttimeinanothertimezone,http://www.java2s.com:80/Tutorial/Java/0120__Development/GettingtheCurrentTimeinAnotherTimeZone.htm
(thin),http://www.java2s.com:80/Tutorial/Java/0180__File/0181__DeflaterOutputStream.htm
-,http://www.java2s.com:80/Tutorial/Java/0120__Development/GetthevalueinJavaScriptfromJavaCodebyreferencethevariablename.htm
(thin),http://www.java2s.com:80/Tutorial/Java/0120__Development/GettingDataFromtheKeyboard.htm
development-gettingandsettinganimageonthesystemclipboard,http://java2s.com/Tutorial/Java/0120__Development/GettingandSettinganImageontheSystemClipboard.htm
-,http://www.java2s.com/ref/java/java-awt-borderlayout-add-component.html
-,http://www.java2s.com:80/Tutorial/Java/0180__File/0180__BufferedOutputStream.htm
(thin),http://www.java2s.com:80/Tutorial/Java/0120__Development/GettingtheDefaultSystemProperties.htm
java-java-awt-borderlayout-add-to-top-and-bottom,http://www.java2s.com/ref/java/java-awt-borderlayout-add-to-top-and-bottom.html
java-java-awt-borderlayout-borderlayoutlineend,http://www.java2s.com/ref/java/java-awt-borderlayout-borderlayoutlineend.html
(thin),http://www.java2s.com:80/Tutorial/Java/0180__File/0182__FilterOutputStream.htm
(thin),http://www.java2s.com:80/Tutorial/Java/0180__File/0194__PrintStream.htm
java-java-awt-borderlayout-fill-all-area,http://www.java2s.com/ref/java/java-awt-borderlayout-fill-all-area.html
development-gettingtherootsofthepreferencetrees,http://java2s.com/Tutorial/Java/0120__Development/GettingtheRootsofthePreferenceTrees.htm
development-gettingandsettingjavatypevaluesinapreference,http://java2s.com/Tutorial/Java/0120__Development/GettingandSettingJavaTypeValuesinaPreference.htm
java-java-awt-borderlayout-class,http://www.java2s.com/ref/java/java-awt-borderlayout-class.html
(thin),http://www.java2s.com:80/Tutorial/Java/0180__File/0200__Encoding.htm
java-java-awt-bufferedimage-copy-image,http://www.java2s.com/ref/java/java-awt-bufferedimage-copy-image.html
development-gettingthemaximumsizeofapreferencekeyandvalue,http://java2s.com/Tutorial/Java/0120__Development/GettingtheMaximumSizeofaPreferenceKeyandValue.htm
(thin),http://www.java2s.com:80/Tutorial/Java/0180__File/0191__ObjectOutputStream.htm
-,http://www.java2s.com:80/Tutorial/Java/0120__Development/GettingandSettingaPropertyofaBean.htm
-,http://www.java2s.com/ref/java/java-awt-borderlayout-borderlayoutlinestart.html
-,http://www.java2s.com:80/Tutorial/Java/0180__File/0190__ObjectInputStream.htm
(thin),http://www.java2s.com:80/Tutorial/Java/0180__File/0193__PipedInputStream.htm
-,http://www.java2s.com:80/Tutorial/Java/0180__File/0192__ByteArrayOutputStream.htm
-,http://java2s.com/Tutorial/Java/0120__Development/Gettingdatafromthecomputerclipboard.htm
-,http://www.java2s.com:80/Tutorial/Java/0180__File/0193__ByteArrayInputStream.htm
-,http://www.java2s.com:80/Tutorial/Java/0180__File/0220__Reader.htm
development-gettingthestacktraceofanexception,http://www.java2s.com:80/Tutorial/Java/0120__Development/GettingtheStackTraceofanException.htm
(thin),http://www.java2s.com:80/Tutorial/Java/0180__File/0240__FileReader.htm
(thin),http://www.java2s.com:80/Tutorial/Java/0180__File/0340__BufferedWriter.htm
development-givenatimeof10aminjapangetthelocaltime,http://www.java2s.com:80/Tutorial/Java/0120__Development/Givenatimeof10aminJapangetthelocaltime.htm
(thin),http://www.java2s.com:80/Tutorial/Java/0120__Development/Getuserhomedirectoryname.htm
(thin),http://www.java2s.com:80/Tutorial/Java/0120__Development/GetvaluefromPreferences.htm
(thin),http://www.java2s.com:80/Tutorial/Java/0180__File/0300__FileWriter.htm
java-java-awt-bufferedimage-draw-on-created-bufferedimage,http://www.java2s.com/ref/java/java-awt-bufferedimage-draw-on-created-bufferedimage.html
(thin),http://www.java2s.com:80/Tutorial/Java/0180__File/0321__StringReader.htm
(thin),http://www.java2s.com:80/Tutorial/Java/0180__File/0260__BufferedReader.htm
development-handlinganassertionerror,http://java2s.com/Tutorial/Java/0120__Development/HandlinganAssertionError.htm
development-greatestcommondivisorgcdofpositiveintegernumbers,http://www.java2s.com:80/Tutorial/Java/0120__Development/GreatestCommonDivisorGCDofpositiveintegernumbers.htm
(thin),http://www.java2s.com:80/Tutorial/Java/0120__Development/HASHCODEHuppercaseH.htm
(thin),http://www.java2s.com:80/Tutorial/Java/0120__Development/HandlingExceptions.htm
(thin),http://www.java2s.com:80/Tutorial/Java/0120__Development/GetUTFStringSize.htm
(thin),http://www.java2s.com:80/Tutorial/Java/0180__File/0340__LineNumberReader.htm
development-getusernameofsystemcurrentuser,http://www.java2s.com:80/Tutorial/Java/0120__Development/Getusernameofsystemcurrentuser.htm
-,http://www.java2s.com/ref/java/java-awt-bufferedimage-copy-or-create-image.html
-,http://www.java2s.com/ref/java/java-awt-bufferedimage-create.html
-,http://www.java2s.com/ref/java/java-awt-bufferedimage-getset-image-rgbargb-image-data.html
-,http://www.java2s.com/ref/java/java-awt-bufferedimage-load-from-file.html
-,http://www.java2s.com/ref/java/java-awt-bufferedimage-create-transparent-image.html
-,http://www.java2s.com/ref/java/java-awt-bufferedimage-create-from-existing-image.html
(thin),http://www.java2s.com:80/Tutorial/Java/0120__Development/Hashcodehlowercaseh.htm
-,http://www.java2s.com:80/Tutorial/Java/0180__File/0280__Writer.htm
java-java-awt-bufferedimage-save-to-gif-image-file,http://www.java2s.com/ref/java/java-awt-bufferedimage-save-to-gif-image-file.html
-,http://www.java2s.com:80/Tutorial/Java/0120__Development/GettingtheScreenSize.htm
-,http://www.java2s.com:80/Tutorial/Java/0120__Development/GetTodaysDate.htm
-,http://www.java2s.com:80/Tutorial/Java/0180__File/0320__PrintWriter.htm
(thin),http://www.java2s.com:80/Tutorial/Java/0120__Development/hoursminutesandsecondsona12hourclocktrTr.htm
-,http://www.java2s.com:80/Tutorial/Java/0180__File/0340__Object-Serialization.htm
-,http://www.java2s.com/ref/java/java-awt-bufferedimage-load-from-url.html
-,http://www.java2s.com:80/Tutorial/Java/0180__File/0360__ObjectOutputStream.htm
-,http://www.java2s.com:80/Tutorial/Java/0180__File/0341__Externalizable.htm
-,http://www.java2s.com:80/Tutorial/Java/0120__Development/Helpermethodtoexecuteshellcommand.htm
-,http://www.java2s.com/Tutorial/Java/0120__Development/HexxOctaloIntegerhexadecimalOctalinteger.htm
-,http://www.java2s.com:80/Tutorial/Java/0120__Development/hHashcodeoftheargument.htm
-,http://www.java2s.com:80/Tutorial/Java/0180__File/0380__RandomAccessFile.htm
development-idgenerator,http://java2s.com/Tutorial/Java/0120__Development/IDgenerator.htm
-,http://www.java2s.com:80/Tutorial/Java/0120__Development/HomeDirectory.htm
java-java-awt-bufferedimage-zoom-image-on-mouse-wheel-event,http://www.java2s.com/ref/java/java-awt-bufferedimage-zoom-image-on-mouse-wheel-event.html
java-java-awt-cardlayout-control-by-jcombobox,http://www.java2s.com/ref/java/java-awt-cardlayout-control-by-jcombobox.html
development-htmlcolornames,http://www.java2s.com:80/Tutorial/Java/0120__Development/HTMLcolornames.htm
(thin),http://java2s.com:80/Tutorial/Java/0180__File/0402__CharBuffer.htm
development-implementingaboundproperty,http://www.java2s.com:80/Tutorial/Java/0120__Development/ImplementingaBoundProperty.htm
-,http://www.java2s.com/ref/java/java-awt-bufferedimage-save-to-jpg-image-file.html
-,http://www.java2s.com/ref/java/java-awt-bufferedimage-save-to-png-image-file.html
-,http://www.java2s.com/ref/java/java-awt-bufferedimage-set-image-pixel.html
-,http://www.java2s.com/ref/java/java-awt-bufferedimage-matte.html
(thin),http://java2s.com:80/Tutorial/Java/0180__File/0403__DoubleBuffer.htm
(thin),https://www.java2s.com/Tutorial/Java/0180__File/0402__CharBuffer.html
java-java-awt-color-create-random-color,http://www.java2s.com/ref/java/java-awt-color-create-random-color.html
java-java-awt-color-index,http://www.java2s.com/ref/java/java-awt-color-index.html
java-java-awt-color-create-from-hexadecimal-integer-value,http://www.java2s.com/ref/java/java-awt-color-create-from-hexadecimal-integer-value.html
-,http://www.java2s.com:80/Tutorial/Java/0120__Development/hoursandminutesona24hourclocktRTR.htm
java-java-awt-clipboard-getset-text-data,http://www.java2s.com/ref/java/java-awt-clipboard-getset-text-data.html
-,http://www.java2s.com:80/Tutorial/Java/0180__File/0400__Buffer.htm
java-java-awt-color-class,http://www.java2s.com/ref/java/java-awt-color-class.html
(thin),http://www.java2s.com:80/Tutorial/Java/0120__Development/importjavaxactivationCommandInfo.htm
(thin),http://www.java2s.com:80/Tutorial/Java/0120__Development/insertHTMLblockdynamically.htm
development-implementingaconstrainedpropertyfiresapropertychangeeventwheneverits,http://www.java2s.com:80/Tutorial/Java/0120__Development/ImplementingaConstrainedPropertyfiresaPropertyChangeEventwheneveritsvalueisabouttobechanged.htm
-,http://www.java2s.com/ref/java/java-awt-cardlayout-class.html
(thin),https://www.java2s.com/Tutorial/Java/0180__File/0404__FloatBuffer.html
-,http://www.java2s.com:80/Tutorial/Java/0120__Development/hoursminutesandsecondsona24hourclocktTTT.htm
-,http://java2s.com:80/Tutorial/Java/0180__File/0401__ByteBuffer.htm
(thin),https://www.java2s.com/Tutorial/Java/0180__File/0403__DoubleBuffer.html
-,http://www.java2s.com:80/Tutorial/Java/0120__Development/Howtoreadfromstandardinput.htm
java-java-awt-color-make-color-darker,http://www.java2s.com/ref/java/java-awt-color-make-color-darker.html
-,https://www.java2s.com/Tutorial/Java/0180__File/0401__ByteBuffer.html
development-htmlparserdtd,http://www.java2s.com:80/Tutorial/Java/0120__Development/htmlparserDTD.htm
-,http://java2s.com/Tutorial/Java/0120__Development/IftheDLLisintheCLASSPATHthenyoudontneedtospecifyaPATH.htm
-,http://www.java2s.com/ref/java/java-awt-cardlayout-index.html
-,http://www.java2s.com/ref/java/java-awt-cardlayout-move-to-next-component.html
-,http://java2s.com/Tutorial/Java/0120__Development/implementsClipboardOwner.htm
-,http://java2s.com:80/Tutorial/Java/0180__File/0404__FloatBuffer.htm
-,http://www.java2s.com/ref/java/java-awt-color-predefined-color-constant-value.html
-,http://www.java2s.com/ref/java/java-awt-component-check-if-has-focus.html
-,http://java2s.com:80/Tutorial/Java/0180__File/0405__IntBuffer.htm
-,http://www.java2s.com/ref/java/java-awt-component-get-root-focus-cycle-ancestor.html
-,http://www.java2s.com:80/Tutorial/Java/0120__Development/InsertingStrings.htm
-,http://www.java2s.com:80/Tutorial/Java/0120__Development/InstantiatingaBean.htm
-,http://www.java2s.com/ref/java/java-awt-component-grab-focus-in-window.html
java-java-awt-componentlistener-handle-component-event,http://www.java2s.com/ref/java/java-awt-componentlistener-handle-component-event.html
-,http://java2s.com:80/Tutorial/Java/0180__File/0406__LongBuffer.htm
(thin),http://www.java2s.com:80/Tutorial/Java/0120__Development/Javaactivationframework.htm
java-java-awt-convolveop-filter-image,http://www.java2s.com/ref/java/java-awt-convolveop-filter-image.html
-,http://www.java2s.com:80/Tutorial/Java/0120__Development/Invokeanfunction.htm
(thin),http://java2s.com:80/Tutorial/Java/0180__File/0408__MappedByteBuffer.htm
java-java-awt-container-index,http://www.java2s.com/ref/java/java-awt-container-index.html
(thin),https://www.java2s.com/Tutorial/Java/0180__File/0408__MappedByteBuffer.html
java-java-awt-dimension-class,http://www.java2s.com/ref/java/java-awt-dimension-class.html
development-isjavabeancompliantsetter,http://www.java2s.com:80/Tutorial/Java/0120__Development/IsJavaBeanCompliantSetter.htm
java-java-awt-datatransfer-clipboard-index,http://www.java2s.com/ref/java/java-awt-datatransfer-clipboard-index.html
(thin),http://www.java2s.com:80/Tutorial/Java/0120__Development/JavaCompilertoolshowyoucancompileaJavasourcefrominsideaJavaprogram.htm
java-java-awt-event-actionevent-index,http://www.java2s.com/ref/java/java-awt-event-actionevent-index.html
(thin),http://www.java2s.com:80/Tutorial/Java/0120__Development/JavaCompilerruntocompile.htm
-,http://java2s.com:80/Tutorial/Java/0120__Development/Invokethedefaulteditortoeditafile.htm
java-java-awt-dimension-index,http://www.java2s.com/ref/java/java-awt-dimension-index.html
(thin),http://java2s.com:80/Tutorial/Java/0180__File/0420__FileChannel.htm
(thin),https://www.java2s.com/Tutorial/Java/0180__File/0420__FileChannel.html
java-java-awt-event-actionlistener-index,http://www.java2s.com/ref/java/java-awt-event-actionlistener-index.html
-,http://www.java2s.com/ref/java/java-awt-component-index.html
(thin),http://www.java2s.com:80/Tutorial/Java/0120__Development/JavasCheckedExceptionsDefinedinjavalang.htm
(thin),http://www.java2s.com:80/Tutorial/Java/0180__File/0440__Memory-File.htm
-,http://www.java2s.com:80/Tutorial/Java/0120__Development/IsCheckedException.htm
java-java-awt-containerlistener-handle-container-event,http://www.java2s.com/ref/java/java-awt-containerlistener-handle-container-event.html
-,http://www.java2s.com/ref/java/java-awt-container-get-focustraversalpolicy.html
-,http://www.java2s.com:80/Tutorial/Java/0120__Development/ISO8601standarddatetFTF.htm
java-java-awt-event-awteventlistener-index,http://www.java2s.com/ref/java/java-awt-event-awteventlistener-index.html
-,http://www.java2s.com:80/Tutorial/Java/0120__Development/javaawtToolkit.htm
-,http://www.java2s.com/ref/java/java-awt-cubiccurve2d-create.html
-,http://www.java2s.com:80/Tutorial/Java/0180__File/0409__ByteOrder.htm
-,https://www.java2s.com/Tutorial/Java/0180__File/0407__ShortBuffer.html
-,http://java2s.com:80/Tutorial/Java/0180__File/0407__ShortBuffer.htm
-,http://www.java2s.com:80/Tutorial/Java/0180__File/0421__WritableByteChannel.htm
-,http://www.java2s.com/ref/java/java-awt-ellipse2d-class.html
-,http://www.java2s.com:80/Tutorial/Java/0120__Development/JavaConsolereadLine.htm
-,http://www.java2s.com:80/Tutorial/Java/0120__Development/javalangSystem.htm
-,http://www.java2s.com:80/Tutorial/Java/0120__Development/JavaLanguageBindingwithJavaScript.htm
-,http://www.java2s.com/ref/java/java-awt-event-adjustmentlistener-index.html
-,http://www.java2s.com/ref/java/java-awt-event-componentlistener-index.html
-,http://www.java2s.com:80/Tutorial/Java/0180__File/0460__Scanner.htm
(thin),http://www.java2s.com:80/Tutorial/Java/0180__File/0520__CharSet.htm
-,http://www.java2s.com:80/Tutorial/Java/0120__Development/JavasUncheckedRuntimeExceptionSubclasses.htm
(thin),http://www.java2s.com:80/Tutorial/Java/0120__Development/Leftjustification.htm
(thin),http://java2s.com:80/Tutorial/Java/0180__File/0601__ZipOutputStream.htm
(thin),http://www.java2s.com:80/Tutorial/Java/0180__File/0500__FileSystemView.htm
java-java-awt-event-hierarchylistener-index,http://www.java2s.com/ref/java/java-awt-event-hierarchylistener-index.html
(thin),http://java2s.com:80/Tutorial/Java/0120__Development/Javasystemproperties.htm
(thin),https://www.java2s.com/Tutorial/Java/0180__File/0602__ZipInputStream.html
java-java-awt-event-introduction-index,http://www.java2s.com/ref/java/java-awt-event-introduction-index.html
development-javautilconcurrenttimeunitcanbeusedtoconvertbetweenmillisecondsandda,http://java2s.com/Tutorial/Java/0120__Development/javautilconcurrentTimeUnitcanbeusedtoconvertbetweenmillisecondsanddays.htm
-,http://www.java2s.com:80/Tutorial/Java/0180__File/0480__File-Utilities.htm
java-java-awt-event-inputevent-index,http://www.java2s.com/ref/java/java-awt-event-inputevent-index.html
(thin),http://www.java2s.com:80/Tutorial/Java/0180__File/0600__Zip-Unzip.htm
java-java-awt-event-keyadapter-index,http://www.java2s.com/ref/java/java-awt-event-keyadapter-index.html
java-java-awt-event-focusevent-index,http://www.java2s.com/ref/java/java-awt-event-focusevent-index.html
development-listenforbeanspropertychangeevent,http://www.java2s.com:80/Tutorial/Java/0120__Development/Listenforbeanspropertychangeevent.htm
(thin),http://java2s.com:80/Tutorial/Java/0180__File/0605__JarOutputStream.htm
development-leastcommonmultiplelcmoftwostrictlypositiveintegernumbers,http://www.java2s.com:80/Tutorial/Java/0120__Development/LeastCommonMultipleLCMoftwostrictlypositiveintegernumbers.htm
-,http://www.java2s.com/ref/java/java-awt-event-containerlistener-index.html
(thin),http://www.java2s.com:80/Tutorial/Java/0180__File/0604__JarFile.htm
-,http://www.java2s.com/ref/java/java-awt-event-focusadapter-index.html
(thin),https://www.java2s.com/Tutorial/Java/0180__File/0606__GZIPInputStream.html
(thin),http://www.java2s.com:80/Tutorial/Java/0180__File/0521__Encode-Decode.htm
-,http://www.java2s.com:80/Tutorial/Java/0120__Development/LaunchaUnixscriptwithJava.htm
-,http://www.java2s.com/ref/java/java-awt-event-focuslistener-index.html
development-listeningforapropertychangeeventapropertychangeeventisfiredwhenaboun,http://www.java2s.com:80/Tutorial/Java/0120__Development/ListeningforaPropertyChangeEventApropertychangeeventisfiredwhenaboundpropertyischanged.htm
-,http://java2s.com/Tutorial/Java/0120__Development/Limitthenumberofdecimaldigitsbyspecifyingtheprecision.htm
-,http://java2s.com:80/Tutorial/Java/0180__File/0602__ZipInputStream.htm
-,http://www.java2s.com:80/Tutorial/Java/0120__Development/Listenforaconstrainedpropertychange.htm
-,http://www.java2s.com:80/Tutorial/Java/0180__File/0603__ZipFile.htm
-,http://www.java2s.com/ref/java/java-awt-event-itemevent-index.html
-,http://www.java2s.com/ref/java/java-awt-event-itemlistener-index.html
-,http://www.java2s.com:80/Tutorial/Java/0120__Development/ListeningforaVetoablePropertyChangeEvent.htm
-,http://www.java2s.com/ref/java/java-awt-event-keyevent-index.html
-,https://www.java2s.com/Tutorial/Java/0180__File/0605__JarOutputStream.html
-,http://www.java2s.com/ref/java/java-awt-event-keylistener-index.html
-,http://java2s.com:80/Tutorial/Java/0180__File/0606__GZIPInputStream.htm
(thin),http://www.java2s.com:80/Tutorial/Java/0180__File/0700__IO-redirection.htm
development-listeningforchangestothecurrentdirectoryinajfilechooserdialog,http://www.java2s.com:80/Tutorial/Java/0120__Development/ListeningforChangestotheCurrentDirectoryinaJFileChooserDialog.htm
development-listeningforchangestotheselectedfileinajfilechooserdialog,http://www.java2s.com:80/Tutorial/Java/0120__Development/ListeningforChangestotheSelectedFileinaJFileChooserDialog.htm
development-loadadll,http://java2s.com/Tutorial/Java/0120__Development/LoadaDLL.htm
development-listingthepropertynamesofabean,http://www.java2s.com:80/Tutorial/Java/0120__Development/ListingthePropertyNamesofaBean.htm
(thin),https://www.java2s.com/Tutorial/Java/0180__File/0607__GZIPOutputStream.html
java-java-awt-event-mousewheellistener-index,http://www.java2s.com/ref/java/java-awt-event-mousewheellistener-index.html
java-java-awt-event-windowadapter-index,http://www.java2s.com/ref/java/java-awt-event-windowadapter-index.html
development-loadimageandsoundfromjarfile,http://www.java2s.com:80/Tutorial/Java/0120__Development/LoadimageandsoundfromJarfile.htm
-,http://java2s.com:80/Tutorial/Java/0180__File/0607__GZIPOutputStream.htm
(thin),http://www.java2s.com:80/Tutorial/Java/0180__File/0609__InflaterInputStream.htm
java-java-awt-event-windowfocuslistener-index,http://www.java2s.com/ref/java/java-awt-event-windowfocuslistener-index.html
java-java-awt-event-mouseevent-index,http://www.java2s.com/ref/java/java-awt-event-mouseevent-index.html
(thin),http://www.java2s.com:80/Tutorial/Java/0180__File/0760__FileLock.htm
(thin),http://www.java2s.com:80/Tutorial/Java/0180__File/0608__DeflaterOutputStream.htm
java-java-awt-event-mousemotionadapter-index,http://www.java2s.com/ref/java/java-awt-event-mousemotionadapter-index.html
development-loadingandplayingmidiaudio,http://www.java2s.com:80/Tutorial/Java/0120__Development/LoadingandPlayingMidiAudio.htm
(thin),http://www.java2s.com:80/Tutorial/Java/0180__File/0800__CSV.htm
(thin),http://java2s.com:80/Tutorial/Java/0180__File/0720__FilenameFilter.htm
(thin),http://www.java2s.com:80/Tutorial/Java/0120__Development/Listthescriptengines.htm
(thin),http://www.java2s.com:80/Tutorial/Java/0180__File/0740__FileFilter.htm
-,http://java2s.com/Tutorial/Java/0120__Development/ListeningforChangestoPreferenceValuesinaPreferenceNode.htm
-,http://www.java2s.com:80/Tutorial/Java/0120__Development/ListingAllScriptEngines.htm
-,http://www.java2s.com:80/Tutorial/Java/0120__Development/ListpropertynamesofaBean.htm
-,http://www.java2s.com:80/Tutorial/Java/0120__Development/ListTags.htm
-,http://www.java2s.com:80/Tutorial/Java/0180__File/0610__Checksum.htm
-,http://www.java2s.com/ref/java/java-awt-event-windowevent-index.html
-,http://www.java2s.com/ref/java/java-awt-event-mouseadapter-index.html
-,http://www.java2s.com/ref/java/java-awt-event-mousemotionlistener-index.html
-,http://www.java2s.com:80/Tutorial/Java/0120__Development/LoadandplayMidiaudio.htm
-,https://www.java2s.com/Tutorial/Java/0180__File/0720__FilenameFilter.html
-,http://www.java2s.com/ref/java/java-awt-event-windowstatelistener-index.html
-,http://www.java2s.com/ref/java/java-awt-eventqueue-index.html
-,http://www.java2s.com/ref/java/java-awt-eventqueue-run-swing-application.html
-,http://www.java2s.com:80/Tutorial/Java/0180__File/0780__StreamTokenizer.htm
-,http://www.java2s.com:80/Tutorial/Java/0120__Development/LoadingandPlayingSampledAudio.htm
-,http://www.java2s.com/ref/java/java-awt-filedialog-create.html
(thin),http://www.java2s.com:80/Tutorial/Java/0180__File/0860__Copy.htm
java-java-awt-flowlayout-class,http://www.java2s.com/ref/java/java-awt-flowlayout-class.html
-,http://www.java2s.com:80/Tutorial/Java/0180__File/0820__File-Monitor.htm
(thin),http://www.java2s.com:80/Tutorial/Java/0180__File/0900__Text-File.htm
(thin),http://www.java2s.com:80/Tutorial/Java/0120__Development/localizedabbreviateddaytaTa.htm
(thin),http://www.java2s.com:80/Tutorial/Java/0120__Development/localizedabbreviatedmonthtbTb.htm
(thin),http://www.java2s.com:80/Tutorial/Java/0180__File/Catalog0180__File.htm
(thin),http://www.java2s.com:80/Tutorial/Java/0180__File/0840__Byte-Array.htm
(thin),http://www.java2s.com:80/Tutorial/Java/0200__Generics/0020__Generics-Basics.htm
(thin),http://www.java2s.com:80/Tutorial/Java/0120__Development/localizedmonthnametBTB.htm
(thin),http://www.java2s.com:80/Tutorial/Java/0120__Development/LoadingNativeCode.htm
java-java-awt-flowlayout-align-leading,http://www.java2s.com/ref/java/java-awt-flowlayout-align-leading.html
(thin),http://www.java2s.com:80/Tutorial/Java/0200__Generics/0061__Bounded-Types.htm
(thin),http://www.java2s.com:80/Tutorial/Java/0180__File/0880__Delete.htm
java-java-awt-flowlayout-index,http://www.java2s.com/ref/java/java-awt-flowlayout-index.html
java-java-awt-focusevent-is-temporary,http://www.java2s.com/ref/java/java-awt-focusevent-is-temporary.html
(thin),http://www.java2s.com:80/Tutorial/Java/0200__Generics/0021__Generic-Collections.htm
java-java-awt-focustraversalpolicy-index,http://www.java2s.com/ref/java/java-awt-focustraversalpolicy-index.html
java-java-awt-filedialog-index,http://www.java2s.com/ref/java/java-awt-filedialog-index.html
-,http://www.java2s.com:80/Tutorial/Java/0120__Development/LocalespecificmorningafternoonindicatortpTp.htm
java-java-awt-focusevent-get-opposite-focus-component,http://www.java2s.com/ref/java/java-awt-focusevent-get-opposite-focus-component.html
-,http://www.java2s.com:80/Tutorial/Java/0120__Development/localespecificformatting.htm
-,http://www.java2s.com/ref/java/java-awt-filedialog-handle-multiple-file-selection.html
-,http://www.java2s.com:80/Tutorial/Java/0120__Development/localizedabbreviatedmonththTh.htm
(thin),http://www.java2s.com:80/Tutorial/Java/0120__Development/MailcapCommandMapDemo.htm
-,http://www.java2s.com/ref/java/java-awt-flowlayout-align-right.html
-,http://www.java2s.com:80/Tutorial/Java/0120__Development/localizeddaynametATA.htm
-,http://www.java2s.com/ref/java/java-awt-flowlayout-layout-components-in-one-row.html
-,http://www.java2s.com/ref/java/java-awt-flowlayout-set-alignment.html
-,http://www.java2s.com:80/Tutorial/Java/0200__Generics/0040__Generic-Method.htm
-,http://www.java2s.com:80/Tutorial/Java/0120__Development/Locatesaparticulartypeofexception.htm
-,http://www.java2s.com:80/Tutorial/Java/0200__Generics/0060__Generic-Parameters.htm
-,http://www.java2s.com:80/Tutorial/Java/0120__Development/LowercaseHexadecimala.htm
-,http://www.java2s.com:80/Tutorial/Java/0120__Development/Lowercasehexadecimalx.htm
development-maskingapasswordwiththeconsoleclass,http://java2s.com:80/Tutorial/Java/0120__Development/MaskingapasswordwiththeConsoleclass.htm
(thin),http://www.java2s.com:80/Tutorial/Java/0120__Development/MathClassMethods.htm
(thin),http://www.java2s.com:80/Tutorial/Java/0220__I18N/0020__Locales.htm
-,http://www.java2s.com/ref/java/java-awt-font-available-font-families-via-graphicsenvironment-class.html
development-makeastringrepresentationoftheexception,http://www.java2s.com:80/Tutorial/Java/0120__Development/Makeastringrepresentationoftheexception.htm
java-java-awt-font-create-font-and-set-to-jbutton,http://www.java2s.com/ref/java/java-awt-font-create-font-and-set-to-jbutton.html
java-java-awt-font-numericshaper-index,http://www.java2s.com/ref/java/java-awt-font-numericshaper-index.html
java-java-awt-font-index,http://www.java2s.com/ref/java/java-awt-font-index.html
java-java-awt-fontmetrics-center-text,http://www.java2s.com/ref/java/java-awt-fontmetrics-center-text.html
(thin),http://www.java2s.com:80/Tutorial/Java/0120__Development/Mathmin.htm
-,http://www.java2s.com/ref/java/java-awt-font-class.html
(thin),http://www.java2s.com:80/Tutorial/Java/0120__Development/MathcopySign.htm
java-java-awt-font-linebreakmeasurer-index,http://www.java2s.com/ref/java/java-awt-font-linebreakmeasurer-index.html
java-java-awt-font-textattribute-index,http://www.java2s.com/ref/java/java-awt-font-textattribute-index.html
(thin),http://www.java2s.com:80/Tutorial/Java/0120__Development/MatcherLookingAt.htm
(thin),http://www.java2s.com:80/Tutorial/Java/0120__Development/MatcherStartandEnd.htm
java-java-awt-font-textlayout-index,http://www.java2s.com/ref/java/java-awt-font-textlayout-index.html
(thin),http://www.java2s.com:80/Tutorial/Java/0120__Development/MathnextAfter.htm
-,http://www.java2s.com/ref/java/java-awt-font-derive-font-from-swing-component.html
java-java-awt-font-get-style,http://www.java2s.com/ref/java/java-awt-font-get-style.html
java-java-awt-generalpath-class,http://www.java2s.com/ref/java/java-awt-generalpath-class.html
-,http://www.java2s.com:80/Tutorial/Java/0120__Development/MakeyourownJavaMediaPlayertoplaymediafiles.htm
(thin),http://www.java2s.com:80/Tutorial/Java/0200__Generics/0100__Generic-Class-Hierarchies.htm
-,http://www.java2s.com:80/Tutorial/Java/0120__Development/MatcherFind.htm
-,http://www.java2s.com:80/Tutorial/Java/0200__Generics/0080__Generic-Class.htm
-,http://www.java2s.com:80/Tutorial/Java/0200__Generics/Catalog0200__Generics.htm
-,http://www.java2s.com:80/Tutorial/Java/0220__I18N/0040__Language-Codes.htm
-,http://www.java2s.com:80/Tutorial/Java/0200__Generics/0120__Generic-Interfaces.htm
java-java-awt-geom-arc2d-index,http://www.java2s.com/ref/java/java-awt-geom-arc2d-index.html
-,http://www.java2s.com:80/Tutorial/Java/0120__Development/MathgetExponent.htm
-,http://www.java2s.com:80/Tutorial/Java/0220__I18N/0060__Country-Codes.htm
-,http://www.java2s.com/ref/java/java-awt-fontmetrics-from-graphics.html
-,http://www.java2s.com/ref/java/java-awt-fontmetrics-get-font-height-and-width.html
-,http://www.java2s.com:80/Tutorial/Java/0120__Development/MathnextUp.htm
-,http://www.java2s.com/ref/java/java-awt-fontmetrics-get-from-jtextfield.html
-,http://java2s.com/Tutorial/Java/0120__Development/Methodsforloggingevents.htm
-,http://www.java2s.com/ref/java/java-awt-fontmetrics-index.html
-,http://www.java2s.com:80/Tutorial/Java/0120__Development/Mathscalb.htm
-,http://www.java2s.com/ref/java/java-awt-fontmetrics-multiple-line-text-alignment.html
-,http://www.java2s.com:80/Tutorial/Java/0120__Development/MillisecondselapsedsinceJanuary11970.htm
java-java-awt-geom-generalpath-index,http://www.java2s.com/ref/java/java-awt-geom-generalpath-index.html
java-java-awt-geom-quadcurve2d-index,http://www.java2s.com/ref/java/java-awt-geom-quadcurve2d-index.html
java-java-awt-geom-ellipse2d-index,http://www.java2s.com/ref/java/java-awt-geom-ellipse2d-index.html
(thin),http://www.java2s.com:80/Tutorial/Java/0220__I18N/0090__ListResourceBundle.htm
(thin),http://www.java2s.com:80/Tutorial/Java/0120__Development/MoreComplexAssertions.htm
java-java-awt-geom-line2d-index,http://www.java2s.com/ref/java/java-awt-geom-line2d-index.html
development-movingthecursoronthescreen,http://java2s.com/Tutorial/Java/0120__Development/MovingtheCursorontheScreen.htm
-,http://www.java2s.com/ref/java/java-awt-geom-area-index.html
-,http://www.java2s.com:80/Tutorial/Java/0120__Development/millisecondssincetheepochTQ.htm
java-java-awt-geom-cubiccurve2d-index,http://www.java2s.com/ref/java/java-awt-geom-cubiccurve2d-index.html
java-java-awt-geom-roundrectangle2d-index,http://www.java2s.com/ref/java/java-awt-geom-roundrectangle2d-index.html
(thin),http://www.java2s.com:80/Tutorial/Java/0220__I18N/0100__Applications.htm
java-java-awt-geom-path2d-index,http://www.java2s.com/ref/java/java-awt-geom-path2d-index.html
(thin),http://www.java2s.com:80/Tutorial/Java/0220__I18N/0180__ChoiceFormat.htm
java-java-awt-geom-point2d-index,http://www.java2s.com/ref/java/java-awt-geom-point2d-index.html
(thin),http://www.java2s.com:80/Tutorial/Java/0220__I18N/0160__Calendar.htm
(thin),http://www.java2s.com:80/Tutorial/Java/0220__I18N/0200__Currency.htm
(thin),http://www.java2s.com:80/Tutorial/Java/0220__I18N/0240__DecimalFormat.htm
-,http://www.java2s.com:80/Tutorial/Java/0220__I18N/0080__ResourceBundle.htm
(thin),http://www.java2s.com:80/Tutorial/Java/0220__I18N/0220__Message-Format.htm
-,http://www.java2s.com:80/Tutorial/Java/0120__Development/millisecondstLTL.htm
java-java-awt-gradientpaint,http://www.java2s.com/ref/java/java-awt-gradientpaint.html
-,http://java2s.com:80/Tutorial/Java/0220__I18N/0120__Internationalized-Domain-Names.htm
-,https://www.java2s.com/Tutorial/Java/0220__I18N/0120__Internationalized-Domain-Names.html
java-java-awt-graphics-double-buffer,http://www.java2s.com/ref/java/java-awt-graphics-double-buffer.html
-,http://www.java2s.com:80/Tutorial/Java/0120__Development/MiniAppletviewer.htm
-,http://java2s.com:80/Tutorial/Java/0220__I18N/0140__Internationalized-Resource-Identifiers.htm
java-java-awt-graphics-create-paint-application,http://www.java2s.com/ref/java/java-awt-graphics-create-paint-application.html
-,http://www.java2s.com:80/Tutorial/Java/0120__Development/monthdayyeartDTD.htm
-,http://www.java2s.com:80/Tutorial/Java/0120__Development/MovingAverage.htm
-,http://www.java2s.com/ref/java/java-awt-geom-rectangle2d-index.html
-,http://www.java2s.com:80/Tutorial/Java/0120__Development/MultiplecatchBlocks.htm
-,http://www.java2s.com/ref/java/java-awt-gradientpaint-create.html
-,http://www.java2s.com:80/Tutorial/Java/0120__Development/nanosecondstNTN.htm
-,http://www.java2s.com/ref/java/java-awt-gradientpaint-index.html
-,http://www.java2s.com:80/Tutorial/Java/0120__Development/newFormatternewOutputStreamtestfmt.htm
-,http://www.java2s.com:80/Tutorial/Java/0220__I18N/0250__NumberFormat.htm
java-java-awt-graphics-draw-arc,http://www.java2s.com/ref/java/java-awt-graphics-draw-arc.html
-,http://www.java2s.com:80/Tutorial/Java/0220__I18N/0260__ComponentOrientation.htm
(thin),http://www.java2s.com:80/Tutorial/Java/0220__I18N/0300__InputMethod.htm
-,http://www.java2s.com:80/Tutorial/Java/0220__I18N/0280__Normalizer.htm
development-newsimpledateformathhmmssz,http://www.java2s.com:80/Tutorial/Java/0120__Development/newSimpleDateFormatHHmmssZ.htm
-,http://www.java2s.com:80/Tutorial/Java/0120__Development/newSimpleDateFormataTheampmmarker.htm
(thin),http://www.java2s.com:80/Tutorial/Java/0220__I18N/0420__DateFormatSymbols.htm
development-newsimpledateformaththehour023,http://www.java2s.com:80/Tutorial/Java/0120__Development/newSimpleDateFormatHThehour023.htm
development-newsimpledateformathhmmss,http://www.java2s.com:80/Tutorial/Java/0120__Development/newSimpleDateFormatHHmmss.htm
java-java-awt-graphics-draw-oval,http://www.java2s.com/ref/java/java-awt-graphics-draw-oval.html
java-java-awt-graphics-draw-line,http://www.java2s.com/ref/java/java-awt-graphics-draw-line.html
java-java-awt-graphics-draw-smiley-face,http://www.java2s.com/ref/java/java-awt-graphics-draw-smiley-face.html
-,http://www.java2s.com:80/Tutorial/Java/0220__I18N/0320__Collator.htm
java-java-awt-graphics-draw-round-rectangle,http://www.java2s.com/ref/java/java-awt-graphics-draw-round-rectangle.html
java-java-awt-graphics-draw-lines-with-random-location,http://www.java2s.com/ref/java/java-awt-graphics-draw-lines-with-random-location.html
java-java-awt-graphics-draw-pie,http://www.java2s.com/ref/java/java-awt-graphics-draw-pie.html
java-java-awt-graphics-fill-whole-window,http://www.java2s.com/ref/java/java-awt-graphics-fill-whole-window.html
java-java-awt-graphics-fill-arc-as-rainbow,http://www.java2s.com/ref/java/java-awt-graphics-fill-arc-as-rainbow.html
java-java-awt-graphics-fill-rectangle,http://www.java2s.com/ref/java/java-awt-graphics-fill-rectangle.html
(thin),http://www.java2s.com:80/Tutorial/Java/0220__I18N/0340__BreakIterator.htm
(thin),http://www.java2s.com:80/Tutorial/Java/0220__I18N/0400__Collator.htm
-,http://www.java2s.com:80/Tutorial/Java/0120__Development/newSimpleDateFormathh.htm
java-java-awt-graphics-draw-rectangle,http://www.java2s.com/ref/java/java-awt-graphics-draw-rectangle.html
-,http://www.java2s.com:80/Tutorial/Java/0120__Development/newSimpleDateFormathhmmssa.htm
java-java-awt-graphics2d-class,http://www.java2s.com/ref/java/java-awt-graphics2d-class.html
development-newsimpledateformatss,http://www.java2s.com:80/Tutorial/Java/0120__Development/newSimpleDateFormatss.htm
-,http://www.java2s.com/ref/java/java-awt-graphics-draw-polygon.html
-,http://www.java2s.com:80/Tutorial/Java/0220__I18N/0360__Charset.htm
-,http://www.java2s.com:80/Tutorial/Java/0220__I18N/0380__CharacterIterator.htm
-,http://www.java2s.com:80/Tutorial/Java/0220__I18N/Catalog0220__I18N.htm
-,http://www.java2s.com/ref/java/java-awt-graphics-draw-with-mouse.html
-,http://www.java2s.com:80/Tutorial/Java/0240__Swing/0020__Swing-Introduction.htm
-,http://www.java2s.com/ref/java/java-awt-graphics-index.html
-,http://www.java2s.com/ref/java/java-awt-graphics-set-font.html
-,http://www.java2s.com/ref/java/java-awt-graphics-paint-mode.html
(thin),http://www.java2s.com:80/Tutorial/Java/0240__Swing/0100__JButton.htm
-,http://www.java2s.com/ref/java/java-awt-graphics-set-new-drawing-color.html
-,http://www.java2s.com:80/Tutorial/Java/0240__Swing/0040__JComponent.htm
java-java-awt-graphics2d-draw-arc-with-arc2d,http://www.java2s.com/ref/java/java-awt-graphics2d-draw-arc-with-arc2d.html
-,http://www.java2s.com:80/Tutorial/Java/0240__Swing/0060__JLabel.htm
development-newsimpledateformatzzzz,http://www.java2s.com:80/Tutorial/Java/0120__Development/newSimpleDateFormatzzzz.htm
java-java-awt-graphics2d-draw-image,http://www.java2s.com/ref/java/java-awt-graphics2d-draw-image.html
java-java-awt-graphics2d-draw-path,http://www.java2s.com/ref/java/java-awt-graphics2d-draw-path.html
development-normalizeanangleina2piwideintervalaroundacentervalue,http://www.java2s.com:80/Tutorial/Java/0120__Development/Normalizeanangleina2piwideintervalaroundacentervalue.htm
java-java-awt-graphics2d-draw-quad-curve,http://www.java2s.com/ref/java/java-awt-graphics2d-draw-quad-curve.html
development-newsimpledateformatzthetimezone,http://www.java2s.com:80/Tutorial/Java/0120__Development/newSimpleDateFormatzThetimezone.htm
(thin),http://www.java2s.com:80/Tutorial/Java/0240__Swing/0140__JToggleButton.htm
java-java-awt-graphics2d-draw-cubic-curve,http://www.java2s.com/ref/java/java-awt-graphics2d-draw-cubic-curve.html
(thin),http://www.java2s.com:80/Tutorial/Java/0240__Swing/0180__ButtonGroup.htm
development-newsimpledateformatstheseconds,http://www.java2s.com:80/Tutorial/Java/0120__Development/newSimpleDateFormatsTheseconds.htm
(thin),http://www.java2s.com:80/Tutorial/Java/0240__Swing/0160__JRadioButton.htm
java-java-awt-graphics2d-draw-round-rectangle-with-roundrectangle2d,http://www.java2s.com/ref/java/java-awt-graphics2d-draw-round-rectangle-with-roundrectangle2d.html
(thin),http://www.java2s.com:80/Tutorial/Java/0120__Development/Normalizesanangletoarelativeangle.htm
-,http://www.java2s.com:80/Tutorial/Java/0120__Development/newSimpleDateFormatmTheminutes.htm
-,http://www.java2s.com/ref/java/java-awt-graphics2d-clear-rectangle.html
-,http://www.java2s.com:80/Tutorial/Java/0120__Development/newSimpleDateFormatmm.htm
-,http://www.java2s.com:80/Tutorial/Java/0120__Development/newSimpleDateFormatZ.htm
(thin),http://www.java2s.com:80/Tutorial/Java/0240__Swing/0200__JCheckBox.htm
java-java-awt-graphics2d-draw-ellipse-with-ellipse2d,http://www.java2s.com/ref/java/java-awt-graphics2d-draw-ellipse-with-ellipse2d.html
java-java-awt-graphics2d-draw-rectangle-with-rectangle2d,http://www.java2s.com/ref/java/java-awt-graphics2d-draw-rectangle-with-rectangle2d.html
java-java-awt-graphics2d-draw-string-right-alignment,http://www.java2s.com/ref/java/java-awt-graphics2d-draw-string-right-alignment.html
-,http://www.java2s.com:80/Tutorial/Java/0240__Swing/0080__AbstractButton.htm
-,http://www.java2s.com:80/Tutorial/Java/0240__Swing/0110__ButtonModel.htm
(thin),http://java2s.com:80/Tutorial/Java/0240__Swing/0230__TrayIcon.htm
-,http://www.java2s.com:80/Tutorial/Java/0240__Swing/0120__Arrow-Button.htm
-,http://www.java2s.com/ref/java/java-awt-graphics2d-draw-dashed-line.html
-,http://www.java2s.com/ref/java/java-awt-graphics2d-draw-line-with-line2d.html
-,http://www.java2s.com/ref/java/java-awt-graphics2d-draw-line.html
-,http://www.java2s.com:80/Tutorial/Java/0120__Development/Normalizesanangletoanabsoluteangle.htm
-,http://www.java2s.com:80/Tutorial/Java/0120__Development/Normalizesanangletobenearanabsoluteangle.htm
-,http://www.java2s.com:80/Tutorial/Java/0240__Swing/0220__JComboBox.htm
-,http://java2s.com/Tutorial/Java/0120__Development/ObtainScriptEngine.htm
-,http://www.java2s.com/ref/java/java-awt-graphics2d-draw-shadow.html
(thin),http://www.java2s.com:80/Tutorial/Java/0240__Swing/0260__JTextField.htm
-,http://www.java2s.com:80/Tutorial/Java/0120__Development/Octalo.htm
-,http://java2s.com:80/Tutorial/Java/0120__Development/OpenaofficewordfilewithJava.htm
-,http://www.java2s.com:80/Tutorial/Java/0120__Development/oneortwodigithourona12hourtlTl.htm
-,http://www.java2s.com/ref/java/java-awt-graphics2d-draw-string-center-alignment.html
-,http://www.java2s.com:80/Tutorial/Java/0120__Development/oneortwodigithourona24hourclocktkTk.htm
-,https://www.java2s.com/Tutorial/Java/0240__Swing/0230__TrayIcon.html
(thin),http://www.java2s.com:80/Tutorial/Java/0120__Development/OutputURLBuppercaseB.htm
-,http://www.java2s.com/ref/java/java-awt-graphics2d-draw-string-left-alignment.html
development-operationsforrandomstrings,http://www.java2s.com:80/Tutorial/Java/0120__Development/OperationsforrandomStrings.htm
(thin),http://www.java2s.com:80/Tutorial/Java/0120__Development/OutputURLblowercaseb.htm
(thin),http://java2s.com:80/Tutorial/Java/0120__Development/OpenMailclient.htm
(thin),http://www.java2s.com:80/Tutorial/Java/0120__Development/Pack200newUnpacker.htm
java-java-awt-graphics2d-draw-styled-string,http://www.java2s.com/ref/java/java-awt-graphics2d-draw-styled-string.html
(thin),http://www.java2s.com:80/Tutorial/Java/0120__Development/PassingParameterstoJavaApplet.htm
java-java-awt-graphics2d-fill-area,http://www.java2s.com/ref/java/java-awt-graphics2d-fill-area.html
(thin),http://www.java2s.com:80/Tutorial/Java/0120__Development/ParsedatestringinputwithDateFormatgetTimeInstanceDateFormatDEFAULTLocaleCANADA.htm
(thin),http://www.java2s.com:80/Tutorial/Java/0120__Development/Patterncompilefrbaiugxmatcherfixtherugwithbags.htm
java-java-awt-graphics2d-fill-shape,http://www.java2s.com/ref/java/java-awt-graphics2d-fill-shape.html
java-java-awt-graphics2d-index,http://www.java2s.com/ref/java/java-awt-graphics2d-index.html
(thin),http://www.java2s.com:80/Tutorial/Java/0240__Swing/0320__JFormattedTextField.htm
java-java-awt-graphics2d-fill-round-rectangle-with-roundrectangle2d,http://www.java2s.com/ref/java/java-awt-graphics2d-fill-round-rectangle-with-roundrectangle2d.html
java-java-awt-graphics2d-fill-rectangle-with-rectangle2d,http://www.java2s.com/ref/java/java-awt-graphics2d-fill-rectangle-with-rectangle2d.html
-,http://www.java2s.com/ref/java/java-awt-graphics2d-draw-string.html
java-java-awt-graphics2d-draw-with-mouse,http://www.java2s.com/ref/java/java-awt-graphics2d-draw-with-mouse.html
-,http://www.java2s.com:80/Tutorial/Java/0240__Swing/0240__JTextComponent.htm
java-java-awt-graphics2d-measure-string,http://www.java2s.com/ref/java/java-awt-graphics2d-measure-string.html
-,http://www.java2s.com:80/Tutorial/Java/0240__Swing/0280__JTextArea.htm
-,http://www.java2s.com:80/Tutorial/Java/0240__Swing/0300__JPasswordField.htm
(thin),http://www.java2s.com:80/Tutorial/Java/0120__Development/Passvalueandgetreturnvaluefromscript.htm
(thin),http://www.java2s.com:80/Tutorial/Java/0120__Development/PatterncompilemSsSsSmatcher.htm
-,http://www.java2s.com:80/Tutorial/Java/0120__Development/outputacharacter.htm
-,http://www.java2s.com:80/Tutorial/Java/0120__Development/ParseHTML.htm
-,http://www.java2s.com:80/Tutorial/Java/0120__Development/ParsingcustomformatteddatestringintoDateobjectusingSimpleDateFormat.htm
-,http://www.java2s.com:80/Tutorial/Java/0120__Development/PassparametertoJavaScriptthroughJavacode.htm
-,http://www.java2s.com/ref/java/java-awt-graphics2d-get-font-metrics.html
-,http://www.java2s.com:80/Tutorial/Java/0120__Development/PasswordPromptingwithjavaioConsole.htm
-,http://www.java2s.com:80/Tutorial/Java/0120__Development/PatterncompilejavaPatternCASEINSENSITIVEPatternMULTILINE.htm
-,http://www.java2s.com/ref/java/java-awt-graphics2d-reset-stroke.html
-,http://www.java2s.com/ref/java/java-awt-graphics2d-rotate.html
development-placingtextonthecomputerclipboard,http://java2s.com/Tutorial/Java/0120__Development/Placingtextonthecomputerclipboard.htm
-,http://www.java2s.com/ref/java/java-awt-graphics2d-set-background-color.html
-,http://www.java2s.com/ref/java/java-awt-graphics2d-set-anti-aliasing.html
java-java-awt-graphics2d-set-radial-gradient-paint,http://www.java2s.com/ref/java/java-awt-graphics2d-set-radial-gradient-paint.html
-,http://www.java2s.com/ref/java/java-awt-graphics2d-set-font.html
(thin),http://www.java2s.com:80/Tutorial/Java/0240__Swing/0340__JFromattedField-MaskFormatter.htm
development-playastreamingmidiaudio,http://www.java2s.com:80/Tutorial/Java/0120__Development/PlayastreamingMidiaudio.htm
(thin),http://www.java2s.com:80/Tutorial/Java/0240__Swing/0360__DefaultFormatterFactory.htm
java-java-awt-graphics2d-set-paint-to-red-color,http://www.java2s.com/ref/java/java-awt-graphics2d-set-paint-to-red-color.html
-,http://www.java2s.com/ref/java/java-awt-graphics2d-set-gradient-paint.html
(thin),http://java2s.com:80/Tutorial/Java/0120__Development/PatternmatchJd0359dddd.htm
java-java-awt-graphics2d-transform-reset,http://www.java2s.com/ref/java/java-awt-graphics2d-transform-reset.html
(thin),http://www.java2s.com:80/Tutorial/Java/0120__Development/Patterncompilesplit.htm
java-java-awt-graphics2d-set-stroke-to-basicstroke,http://www.java2s.com/ref/java/java-awt-graphics2d-set-stroke-to-basicstroke.html
(thin),http://www.java2s.com:80/Tutorial/Java/0240__Swing/0440__JRadioButtonMenuItem.htm
-,http://www.java2s.com:80/Tutorial/Java/0240__Swing/0420__JMenuItem.htm
-,http://www.java2s.com:80/Tutorial/Java/0240__Swing/0400__JMenuBar.htm
java-java-awt-graphics2d-set-paint-to-texturepaint,http://www.java2s.com/ref/java/java-awt-graphics2d-set-paint-to-texturepaint.html
-,http://www.java2s.com:80/Tutorial/Java/0240__Swing/0380__JMenu.htm
development-playanaudiofilefromajarfile,http://www.java2s.com:80/Tutorial/Java/0120__Development/PlayanaudiofilefromaJARfile.htm
-,http://www.java2s.com:80/Tutorial/Java/0240__Swing/0440__JCheckBoxMenuItem.htm
(thin),http://www.java2s.com:80/Tutorial/Java/0240__Swing/0480__Custom-Menu.htm
(thin),http://www.java2s.com:80/Tutorial/Java/0240__Swing/0520__JSeparator.htm
(thin),http://www.java2s.com:80/Tutorial/Java/0120__Development/PortFinder.htm
(thin),http://www.java2s.com:80/Tutorial/Java/0240__Swing/0550__BoundedRangeModel.htm
(thin),http://www.java2s.com:80/Tutorial/Java/0120__Development/playsoundwavfilewithAudioClip.htm
(thin),http://www.java2s.com:80/Tutorial/Java/0120__Development/PortWriter.htm
-,http://www.java2s.com:80/Tutorial/Java/0120__Development/Pauseandstartatimertask.htm
development-playingstreamingmidiaudio,http://www.java2s.com:80/Tutorial/Java/0120__Development/PlayingStreamingMidiAudio.htm
-,http://www.java2s.com/ref/java/java-awt-graphics2d-set-linear-gradient-paint.html
