(thin),http://www.java2s.com/Tutorial/Java/0020__Language/0050__Jar.htm,2016
(thin),http://www.java2s.com/Tutorial/Java/0020__Language/0200__Annotations-Create.htm,2016
language-aprofilerisusedtoanalyzehowmuchtimeaprogramspendsineachpartofthecode,http://www.java2s.com/Tutorial/Java/0020__Language/Aprofilerisusedtoanalyzehowmuchtimeaprogramspendsineachpartofthecode.htm,2016
-,http://www.java2s.com/Tutorial/Java/0020__Language/Defineconstant.htm,2016
language-howdoimarkmethodasdeprecated,http://www.java2s.com/Tutorial/Java/0020__Language/HowdoImarkmethodasdeprecated.htm,2016
language-newparameterformainmethod,http://www.java2s.com/Tutorial/Java/0020__Language/Newparameterformainmethod.htm,2016
(thin),http://www.java2s.com/Tutorial/Java/0020__Language/Seethedetailsofthecompilationusetheverboseoption.htm,2016
language-standardannotationsoverride,http://www.java2s.com/Tutorial/Java/0020__Language/StandardAnnotationsOverride.htm,2016
language-thefollowingkeywordsarereservedinjava,http://www.java2s.com/Tutorial/Java/0020__Language/ThefollowingkeywordsarereservedinJava.htm,2016
language-thenative2asciitool,http://www.java2s.com/Tutorial/Java/0020__Language/Thenative2asciiTool.htm,2016
language-variabledynamicinitialization,http://www.java2s.com/Tutorial/Java/0020__Language/VariableDynamicInitialization.htm,2016
language-showstheproperwaytodeclareaclassvariablenamedhellomessage,http://www.java2s.com/Tutorial/Java/0020__Language/showstheproperwaytodeclareaclassvariablenamedhelloMessage.htm,2016
(thin),http://www.java2s.com/Tutorial/Java/0040__Data-Type/0100__Integer.htm,2016
(thin),http://www.java2s.com/Tutorial/Java/0040__Data-Type/0220__Number-Format.htm,2016
(thin),http://www.java2s.com/Tutorial/Java/0040__Data-Type/0400__String-Concatenation.htm,2016
(thin),http://www.java2s.com/Tutorial/Java/0040__Data-Type/0482__String-Format.htm,2016
(thin),http://www.java2s.com/Tutorial/Java/0040__Data-Type/0560__Date.htm,2016
(thin),http://www.java2s.com/Tutorial/Java/0040__Data-Type/0700__BigDecimal.htm,2016
data-type-acustomnumberformatterthatformatsnumbersashexadecimalstrings,http://www.java2s.com/Tutorial/Java/0040__Data-Type/Acustomnumberformatterthatformatsnumbersashexadecimalstrings.htm,2016
data-type-addorsubstractdaystocurrentdateusingjavacalendar,http://www.java2s.com/Tutorial/Java/0040__Data-Type/AddorsubstractdaystocurrentdateusingJavaCalendar.htm,2016
data-type-anautomatictypeconversion,http://www.java2s.com/Tutorial/Java/0040__Data-Type/Anautomatictypeconversion.htm,2016
data-type-assignstringvariabletonull,http://www.java2s.com/Tutorial/Java/0040__Data-Type/AssignStringvariabletonull.htm,2016
data-type-autoboxingunboxinganargumentpassedtoamethodorreturnedfromamethod,http://www.java2s.com/Tutorial/Java/0040__Data-Type/Autoboxingunboxinganargumentpassedtoamethodorreturnedfromamethod.htm,2016
data-type-bigintegerisprobableprime,http://www.java2s.com/Tutorial/Java/0040__Data-Type/BigIntegerisProbablePrime.htm,2016
data-type-calculatetheage,http://www.java2s.com/Tutorial/Java/0040__Data-Type/Calculatetheage.htm,2016
data-type-caseinsensitiveremovalofasubstringifitisatthebeginingofasourcestringot,http://www.java2s.com/Tutorial/Java/0040__Data-Type/Caseinsensitiveremovalofasubstringifitisatthebeginingofasourcestringotherwisereturnsthesourcestring.htm,2016
data-type-centersastringinalargerstringofsizesizeusesasuppliedcharacterasthevalu,http://www.java2s.com/Tutorial/Java/0040__Data-Type/CentersaStringinalargerStringofsizesizeUsesasuppliedcharacterasthevaluetopadtheStringwith.htm,2016
data-type-checknumberpropertiesandconvertfromnumber,http://www.java2s.com/Tutorial/Java/0040__Data-Type/CheckNumberpropertiesandconvertfromNumber.htm,2016
data-type-checkingthestartofastring,http://www.java2s.com/Tutorial/Java/0040__Data-Type/CheckingtheStartofaString.htm,2016
data-type-checksifthestringcontainsonlycertaincharacters,http://www.java2s.com/Tutorial/Java/0040__Data-Type/ChecksiftheStringcontainsonlycertaincharacters.htm,2016
data-type-checkswhetherthecharacterisascii7bitalphabetic,http://www.java2s.com/Tutorial/Java/0040__Data-Type/CheckswhetherthecharacterisASCII7bitalphabetic.htm,2016
data-type-chopicharactersofftheendofastring,http://www.java2s.com/Tutorial/Java/0040__Data-Type/Chopicharactersofftheendofastring.htm,2016
data-type-comparetwojavaintarrays,http://www.java2s.com/Tutorial/Java/0040__Data-Type/CompareTwoJavaintArrays.htm,2016
data-type-comparestwostringsandreturnstheindexatwhichthestringsbegintodiffer,http://www.java2s.com/Tutorial/Java/0040__Data-Type/ComparestwoStringsandreturnstheindexatwhichtheStringsbegintodiffer.htm,2016
data-type-computationwithshorterintegertypes,http://www.java2s.com/Tutorial/Java/0040__Data-Type/ComputationwithShorterIntegerTypes.htm,2016
data-type-convertbytetonumericprimitivedatatypesexample,http://www.java2s.com/Tutorial/Java/0040__Data-Type/ConvertBytetonumericprimitivedatatypesexample.htm,2016
data-type-convertjavastringobjecttobooleanobject,http://www.java2s.com/Tutorial/Java/0040__Data-Type/ConvertJavaStringObjecttoBooleanObject.htm,2016
data-type-convertshorttonumericprimitivedatatypes,http://www.java2s.com/Tutorial/Java/0040__Data-Type/ConvertShorttonumericprimitivedatatypes.htm,2016
-,http://www.java2s.com/Tutorial/Java/0040__Data-Type/ConvertaStringtoDate.htm,2016
-,http://www.java2s.com/Tutorial/Java/0040__Data-Type/ConvertanintvaluetoStringIntegertoStringi.htm,2016
-,http://www.java2s.com/Tutorial/Java/0040__Data-Type/ConvertbytearraytoHexString.htm,2016
-,http://www.java2s.com/Tutorial/Java/0040__Data-Type/Convertdayofyeartodayofmonth.htm,2016
data-type-convertfromstringtodouble,http://www.java2s.com/Tutorial/Java/0040__Data-Type/ConvertfromStringtodouble.htm,2016
data-type-convertfromdoubletostring,http://www.java2s.com/Tutorial/Java/0040__Data-Type/ConvertfromdoubletoString.htm,2016
data-type-convertingaprimitivetypevaluetoastring,http://www.java2s.com/Tutorial/Java/0040__Data-Type/ConvertingaPrimitiveTypeValuetoaString.htm,2016
data-type-convertingfloattostring,http://www.java2s.com/Tutorial/Java/0040__Data-Type/ConvertingfloattoString.htm,2016
data-type-convertjavadoubletonumericprimitivedatatypes,http://www.java2s.com/Tutorial/Java/0040__Data-Type/ConvertjavaDoubletonumericprimitivedatatypes.htm,2016
data-type-convertsahexstringtoabytearray,http://www.java2s.com/Tutorial/Java/0040__Data-Type/Convertsahexstringtoabytearray.htm,2016
data-type-convertthecurrenttimetoajavasqldateobject,http://www.java2s.com/Tutorial/Java/0040__Data-Type/ConverttheCurrentTimetoajavasqlDateObject.htm,2016
-,http://www.java2s.com/Tutorial/Java/0040__Data-Type/CreateBigDecimalValuesviaastring.htm,2016
-,http://www.java2s.com/Tutorial/Java/0040__Data-Type/CreateaDoubleobjectusingoneofthebelowgivenconstructors.htm,2016
-,http://www.java2s.com/Tutorial/Java/0040__Data-Type/CreatejavaDatefromspecifictimeexample.htm,2016
-,http://www.java2s.com/Tutorial/Java/0040__Data-Type/Datatypeconversion.htm,2016
data-type-decimalformat,http://www.java2s.com/Tutorial/Java/0040__Data-Type/DecimalFormat.htm,2016
data-type-declaringavariableoftypefloat,http://www.java2s.com/Tutorial/Java/0040__Data-Type/Declaringavariableoftypefloat.htm,2016
data-type-deletesallwhitespacesfromastringasdefinedbycharacteriswhitespacechar,http://www.java2s.com/Tutorial/Java/0040__Data-Type/DeletesallwhitespacesfromaStringasdefinedbyCharacterisWhitespacechar.htm,2016
data-type-demonstrateseveralismethods,http://www.java2s.com/Tutorial/Java/0040__Data-Type/DemonstrateseveralIsmethods.htm,2016
-,http://www.java2s.com/Tutorial/Java/0040__Data-Type/Determinethedayoftheweek.htm,2016
-,http://www.java2s.com/Tutorial/Java/0040__Data-Type/Displayapercentage.htm,2016
-,http://www.java2s.com/Tutorial/Java/0040__Data-Type/DisplayprintableCharacters.htm,2016
data-type-encodeshexoctectsintobase64,http://www.java2s.com/Tutorial/Java/0040__Data-Type/EncodeshexoctectsintoBase64.htm,2016
-,http://www.java2s.com/Tutorial/Java/0040__Data-Type/ExpressadurationintermofHHMMSS.htm,2016
data-type-findthefirstindexofanyofasetofpotentialsubstrings,http://www.java2s.com/Tutorial/Java/0040__Data-Type/Findthefirstindexofanyofasetofpotentialsubstrings.htm,2016
data-type-forceminimumnumberofdigitstoleftandrightofdecimalpoint,http://www.java2s.com/Tutorial/Java/0040__Data-Type/Forceminimumnumberofdigitstoleftandrightofdecimalpoint.htm,2016
data-type-formatdoublewithsystemoutformat,http://www.java2s.com/Tutorial/Java/0040__Data-Type/FormatdoublewithSystemoutformat.htm,2016
data-type-fourdifferentdateformatsforfourcountriesusukgermanyfrance,http://www.java2s.com/Tutorial/Java/0040__Data-Type/FourdifferentdateformatsforfourcountriesUSUKGERMANYFRANCE.htm,2016
-,http://www.java2s.com/Tutorial/Java/0040__Data-Type/GetaListofShortMonthNames.htm,2016
-,http://www.java2s.com/Tutorial/Java/0040__Data-Type/Getdayofweek.htm,2016
data-type-getsthemaximumofthreelongvalues,http://www.java2s.com/Tutorial/Java/0040__Data-Type/Getsthemaximumofthreelongvalues.htm,2016
-,http://www.java2s.com/Tutorial/Java/0040__Data-Type/Getthelastdayofamonth.htm,2016
data-type-helperclassforformatnumberandcurrency,http://www.java2s.com/Tutorial/Java/0040__Data-Type/Helperclassforformatnumberandcurrency.htm,2016
-,http://www.java2s.com/Tutorial/Java/0040__Data-Type/Howtodeclarefloatingpointvariablesdouble.htm,2016
-,http://www.java2s.com/Tutorial/Java/0040__Data-Type/IntegerCalculations.htm,2016
-,http://www.java2s.com/Tutorial/Java/0040__Data-Type/Integersignumreturns.htm,2016
-,http://www.java2s.com/Tutorial/Java/0040__Data-Type/JavaFloatisInfiniteMethod.htm,2016
data-type-javacharcharis16bittypeandusedtorepresentunicodecharactersrangeofchari,http://www.java2s.com/Tutorial/Java/0040__Data-Type/Javacharcharis16bittypeandusedtorepresentUnicodecharactersRangeofcharis0to65536.htm,2016
-,http://www.java2s.com/Tutorial/Java/0040__Data-Type/JoinsarrayelementsNullobjectsoremptystringswithinthearrayarerepresentedbyemptystrings.htm,2016
data-type-lastindexof,http://www.java2s.com/Tutorial/Java/0040__Data-Type/Lastindexof.htm,2016
data-type-longintegerliteral,http://www.java2s.com/Tutorial/Java/0040__Data-Type/LongIntegerLiteral.htm,2016
data-type-minandmaxvaluesofdatatypebyte,http://www.java2s.com/Tutorial/Java/0040__Data-Type/MinandMaxvaluesofdatatypebyte.htm,2016
data-type-multiplyonebigintegertoanotherbiginteger,http://www.java2s.com/Tutorial/Java/0040__Data-Type/MultiplyoneBigIntegertoanotherBigInteger.htm,2016
-,http://www.java2s.com/Tutorial/Java/0040__Data-Type/NumberFormatgetCurrencyInstanceLocaleENGLISH.htm,2016
-,http://www.java2s.com/Tutorial/Java/0040__Data-Type/ObtainingtheCharactersinaStringasanArrayofBytes.htm,2016
-,http://www.java2s.com/Tutorial/Java/0040__Data-Type/SettingtheDateandTime.htm,2016
-,http://www.java2s.com/Tutorial/Java/0040__Data-Type/SimpleDateFormat.htm,2016
-,http://www.java2s.com/Tutorial/Java/0040__Data-Type/Splitsastringaroundmatchesofthegivendelimitercharacter.htm,2016
data-type-stringcharacters,http://www.java2s.com/Tutorial/Java/0040__Data-Type/StringCharacters.htm,2016
data-type-stringconcatenationcombiningastringandintegers,http://www.java2s.com/Tutorial/Java/0040__Data-Type/StringconcatenationCombiningastringandintegers.htm,2016
data-type-stringsplitisbasedonregularexpression,http://www.java2s.com/Tutorial/Java/0040__Data-Type/Stringsplitisbasedonregularexpression.htm,2016
data-type-substractminutesfromcurrentdateusingcalendaraddmethod,http://www.java2s.com/Tutorial/Java/0040__Data-Type/SubstractminutesfromcurrentdateusingCalendaraddmethod.htm,2016
data-type-subtracttwointegerscheckingforoverflow,http://www.java2s.com/Tutorial/Java/0040__Data-Type/Subtracttwointegerscheckingforoverflow.htm,2016
data-type-thansformanarrayofasciibytestoastringthebytearrayshouldcontainsonlyval,http://www.java2s.com/Tutorial/Java/0040__Data-Type/ThansformanarrayofASCIIbytestoastringthebytearrayshouldcontainsonlyvaluesin0127.htm,2016
data-type-thenumberofstotheleftofthedecimalpointsetsthemultipleoftheexponent,http://www.java2s.com/Tutorial/Java/0040__Data-Type/Thenumberofstotheleftofthedecimalpointsetsthemultipleoftheexponent.htm,2016
data-type-togointothepastmakingthesecondargumentnegativeintheaddmethod,http://www.java2s.com/Tutorial/Java/0040__Data-Type/Togointothepastmakingthesecondargumentnegativeintheaddmethod.htm,2016
data-type-tosearchforwardsfromagivenpositionstartindex,http://www.java2s.com/Tutorial/Java/0040__Data-Type/TosearchforwardsfromagivenpositionstartIndex.htm,2016
-,http://www.java2s.com/Tutorial/Java/0040__Data-Type/TruncatethisdateCalendarleavingthefieldspecifiedasthemostsignificantfield.htm,2016
-,http://www.java2s.com/Tutorial/Java/0040__Data-Type/Uptotheendofthestring.htm,2016
-,http://www.java2s.com/Tutorial/Java/0040__Data-Type/UseStringindexOftolocateacharacterinastring.htm,2016
-,http://www.java2s.com/Tutorial/Java/0040__Data-Type/Usethebuiltinenumerationmethods.htm,2016
data-type-usingandwithfloatingpointvariables,http://www.java2s.com/Tutorial/Java/0040__Data-Type/Usingandwithfloatingpointvariables.htm,2016
data-type-usingthebooleantype,http://www.java2s.com/Tutorial/Java/0040__Data-Type/Usingthebooleantype.htm,2016
-,http://www.java2s.com/Tutorial/Java/0040__Data-Type/Wrapperclassesfortheprimitivetypes.htm,2016
-,http://www.java2s.com/Tutorial/Java/0040__Data-Type/charvariablesbehavelikeintegers.htm,2016
-,http://www.java2s.com/Tutorial/Java/0040__Data-Type/equalsandoperatorforenumdatatype.htm,2016
-,http://www.java2s.com/Tutorial/Java/0040__Data-Type/isWhitespace.htm,2016
data-type-performingthemodularexponential,http://www.java2s.com/Tutorial/Java/0040__Data-Type/performingthemodularexponential.htm,2016
data-type-usesanenumratherthaninterfacevariablestorepresenttheanswers,http://www.java2s.com/Tutorial/Java/0040__Data-Type/usesanenumratherthaninterfacevariablestorepresenttheanswers.htm,2016
(thin),http://www.java2s.com/Tutorial/Java/0060__Operators/0300__Bitwise-Operators.htm,2016
-,http://www.java2s.com/Tutorial/Java/0060__Operators/Applyingthemodulusoperatortofloatingpointvalues.htm,2016
-,http://www.java2s.com/Tutorial/Java/0060__Operators/BooleanLogicalOperators.htm,2016
-,http://www.java2s.com/Tutorial/Java/0060__Operators/Demonstratethebitwiselogicaloperators.htm,2016
-,http://www.java2s.com/Tutorial/Java/0060__Operators/LogicalOperators.htm,2016
-,http://www.java2s.com/Tutorial/Java/0060__Operators/Representsacollectionof64booleanonoffflags.htm,2016
operators-thebitwiseoperatorscanbeappliedtotheintegertypeslongintshortcharandbyt,http://www.java2s.com/Tutorial/Java/0060__Operators/TheBitwiseOperatorscanbeappliedtotheintegertypeslongintshortcharandbyte.htm,2016
operators-theopoperators,http://www.java2s.com/Tutorial/Java/0060__Operators/TheopOperators.htm,2016
-,http://www.java2s.com/Tutorial/Java/0060__Operators/versus.htm,2016
-,http://www.java2s.com/Tutorial/Java/0080__Statement-Control/0140__Break-Statement.htm,2016
-,http://www.java2s.com/Tutorial/Java/0080__Statement-Control/Anexampleofnestedtrystatements.htm,2016
statement-control-declaringanddefiningmultiplevariablesinasinglestatement,http://www.java2s.com/Tutorial/Java/0080__Statement-Control/Declaringanddefiningmultiplevariablesinasinglestatement.htm,2016
-,http://www.java2s.com/Tutorial/Java/0080__Statement-Control/FreeFlowingSwitchStatementExample.htm,2016
statement-control-labelastatementblock,http://www.java2s.com/Tutorial/Java/0080__Statement-Control/Labelastatementblock.htm,2016
statement-control-spreadingasingledeclarationoverseverallines,http://www.java2s.com/Tutorial/Java/0080__Statement-Control/Spreadingasingledeclarationoverseverallines.htm,2016
statement-control-thecontinuestatementskipsallorpartofaloopiteration,http://www.java2s.com/Tutorial/Java/0080__Statement-Control/Thecontinuestatementskipsallorpartofaloopiteration.htm,2016
statement-control-theifstatementsyntax,http://www.java2s.com/Tutorial/Java/0080__Statement-Control/Theifstatementsyntax.htm,2016
-,http://www.java2s.com/Tutorial/Java/0080__Statement-Control/Usingbracesmakesyourifstatementclearer.htm,2016
-,http://www.java2s.com/Tutorial/Java/0080__Statement-Control/Usingthewhilelooptocalculatesum.htm,2016
(thin),http://www.java2s.com/Tutorial/Java/0100__Class-Definition/0041__Class-Fields.htm,2016
-,http://www.java2s.com/Tutorial/Java/0040__Data-Type/Padstring.htm,2016
